feature_removed,pipeline,seed,n_common,valid_solution,min_cluster_fraction,ari_after_removal,destabilization
LH,median-zscore-pca80-gmm,0,1286,True,0.28615863141524106,0.781273305650518,0.109363347174741
LH,median-zscore-pca80-gmm,1,1286,True,0.28615863141524106,0.781273305650518,0.109363347174741
LH,median-zscore-pca80-gmm,2,1286,True,0.28615863141524106,0.781273305650518,0.109363347174741
LH,median-zscore-pca80-gmm,3,1286,True,0.28615863141524106,0.781273305650518,0.109363347174741
LH,median-zscore-pca80-gmm,4,1286,True,0.28615863141524106,0.781273305650518,0.109363347174741
LH,median-robust-pca80-gmm,0,1286,True,0.1780715396578538,0.2741052662331331,0.36294736688343343
LH,median-robust-pca80-gmm,1,1286,True,0.17651632970451012,0.2705814440047525,0.36470927799762376
LH,median-robust-pca80-gmm,2,1286,True,0.17651632970451012,0.2705814440047525,0.36470927799762376
LH,median-robust-pca80-gmm,3,1286,True,0.1780715396578538,0.2741052662331331,0.36294736688343343
LH,median-robust-pca80-gmm,4,1286,True,0.1780715396578538,0.2741052662331331,0.36294736688343343
LH,median-zscore-none-kmeans,0,1286,True,0.29704510108864696,0.9904314727033253,0.004784263648337339
LH,median-zscore-none-kmeans,1,1286,True,0.29704510108864696,0.9936146630136753,0.003192668493162354
LH,median-zscore-none-kmeans,2,1286,True,0.2978227060653188,0.9968055137436942,0.0015972431281529031
LH,median-zscore-none-kmeans,3,1286,True,0.2978227060653188,0.9968055137436942,0.0015972431281529031
LH,median-zscore-none-kmeans,4,1286,True,0.2978227060653188,1.0,0.0
FSH,median-zscore-pca80-gmm,0,1286,True,0.07465007776049767,-0.050751606094134094,0.525375803047067
FSH,median-zscore-pca80-gmm,1,1286,True,0.07465007776049767,-0.050751606094134094,0.525375803047067
FSH,median-zscore-pca80-gmm,2,1286,True,0.07465007776049767,-0.050751606094134094,0.525375803047067
FSH,median-zscore-pca80-gmm,3,1286,True,0.07465007776049767,-0.050751606094134094,0.525375803047067
FSH,median-zscore-pca80-gmm,4,1286,True,0.07465007776049767,-0.050751606094134094,0.525375803047067
FSH,median-robust-pca80-gmm,0,1286,True,0.416796267496112,0.7472045554904352,0.1263977222547824
FSH,median-robust-pca80-gmm,1,1286,True,0.14074650077760498,0.224870164364961,0.3875649178175195
FSH,median-robust-pca80-gmm,2,1286,True,0.14074650077760498,0.224870164364961,0.3875649178175195
FSH,median-robust-pca80-gmm,3,1286,True,0.416796267496112,0.7472045554904352,0.1263977222547824
FSH,median-robust-pca80-gmm,4,1286,True,0.416796267496112,0.7472045554904352,0.1263977222547824
FSH,median-zscore-none-kmeans,0,1286,True,0.3009331259720062,0.9872650297635055,0.006367485118247251
FSH,median-zscore-none-kmeans,1,1286,True,0.3009331259720062,0.9904393843677263,0.004780307816136864
FSH,median-zscore-none-kmeans,2,1286,True,0.3009331259720062,0.9904393843677263,0.004780307816136864
FSH,median-zscore-none-kmeans,3,1286,True,0.3009331259720062,0.9904393843677263,0.004780307816136864
FSH,median-zscore-none-kmeans,4,1286,True,0.3009331259720062,0.9872598555530503,0.006370072223474854
TESTO_TOTAL,median-zscore-pca80-gmm,0,1286,True,0.2954898911353033,0.8330535466267015,0.08347322668664925
TESTO_TOTAL,median-zscore-pca80-gmm,1,1286,True,0.2954898911353033,0.8330535466267015,0.08347322668664925
TESTO_TOTAL,median-zscore-pca80-gmm,2,1286,True,0.2954898911353033,0.8330535466267015,0.08347322668664925
TESTO_TOTAL,median-zscore-pca80-gmm,3,1286,True,0.2962674961119751,0.835979156063258,0.082010421968371
TESTO_TOTAL,median-zscore-pca80-gmm,4,1286,True,0.2954898911353033,0.8330535466267015,0.08347322668664925
TESTO_TOTAL,median-robust-pca80-gmm,0,1286,True,0.19984447900466562,0.3253103526110346,0.3373448236944827
TESTO_TOTAL,median-robust-pca80-gmm,1,1286,True,0.19984447900466562,0.3253103526110346,0.3373448236944827
TESTO_TOTAL,median-robust-pca80-gmm,2,1286,True,0.19362363919129083,0.31754979477986217,0.3412251026100689
TESTO_TOTAL,median-robust-pca80-gmm,3,1286,True,0.19362363919129083,0.31754979477986217,0.3412251026100689
TESTO_TOTAL,median-robust-pca80-gmm,4,1286,True,0.19984447900466562,0.3253103526110346,0.3373448236944827
TESTO_TOTAL,median-zscore-none-kmeans,0,1286,True,0.3118195956454121,0.888555564585687,0.05572221770715652
TESTO_TOTAL,median-zscore-none-kmeans,1,1286,True,0.3110419906687403,0.8885138016014303,0.05574309919928483
TESTO_TOTAL,median-zscore-none-kmeans,2,1286,True,0.3094867807153966,0.8884702225054704,0.05576488874726482
TESTO_TOTAL,median-zscore-none-kmeans,3,1286,True,0.30870917573872475,0.8914601823965945,0.05426990880170274
TESTO_TOTAL,median-zscore-none-kmeans,4,1286,True,0.30870917573872475,0.8884273709487304,0.05578631452563482
SHBG,median-zscore-pca80-gmm,0,1286,True,0.3514774494556765,0.8576722814509271,0.07116385927453645
SHBG,median-zscore-pca80-gmm,1,1286,True,0.3514774494556765,0.8576722814509271,0.07116385927453645
SHBG,median-zscore-pca80-gmm,2,1286,True,0.3514774494556765,0.8576722814509271,0.07116385927453645
SHBG,median-zscore-pca80-gmm,3,1286,True,0.35069984447900465,0.8547463824534991,0.07262680877325045
SHBG,median-zscore-pca80-gmm,4,1286,True,0.3514774494556765,0.8576722814509271,0.07116385927453645
SHBG,median-robust-pca80-gmm,0,1286,True,0.3973561430793157,0.9629269582353415,0.018536520882329266
SHBG,median-robust-pca80-gmm,1,1286,True,0.3973561430793157,0.9629269582353415,0.018536520882329266
SHBG,median-robust-pca80-gmm,2,1286,True,0.3973561430793157,0.9629269582353415,0.018536520882329266
SHBG,median-robust-pca80-gmm,3,1286,True,0.3973561430793157,0.9629269582353415,0.018536520882329266
SHBG,median-robust-pca80-gmm,4,1286,True,0.3973561430793157,0.9629269582353415,0.018536520882329266
SHBG,median-zscore-none-kmeans,0,1286,True,0.2986003110419907,0.903323124354267,0.04833843782286651
SHBG,median-zscore-none-kmeans,1,1286,True,0.2986003110419907,0.9002633279978971,0.04986833600105145
SHBG,median-zscore-none-kmeans,2,1286,True,0.2986003110419907,0.9002633279978971,0.04986833600105145
SHBG,median-zscore-none-kmeans,3,1286,True,0.2986003110419907,0.9002633279978971,0.04986833600105145
SHBG,median-zscore-none-kmeans,4,1286,True,0.3001555209953344,0.897250079080301,0.05137496045984952
DHEAS,median-zscore-pca80-gmm,0,1286,True,0.3141524105754277,0.7381679768815951,0.13091601155920246
DHEAS,median-zscore-pca80-gmm,1,1286,True,0.31493001555209954,0.7354813767723528,0.1322593116138236
DHEAS,median-zscore-pca80-gmm,2,1286,True,0.3118195956454121,0.73534392527102,0.13232803736449
DHEAS,median-zscore-pca80-gmm,3,1286,True,0.3118195956454121,0.73534392527102,0.13232803736449
DHEAS,median-zscore-pca80-gmm,4,1286,True,0.31493001555209954,0.7354813767723528,0.1322593116138236
DHEAS,median-robust-pca80-gmm,0,1286,True,0.39191290824261277,0.9721241029715131,0.013937948514243459
DHEAS,median-robust-pca80-gmm,1,1286,True,0.39191290824261277,0.9721241029715131,0.013937948514243459
DHEAS,median-robust-pca80-gmm,2,1286,True,0.39191290824261277,0.9721241029715131,0.013937948514243459
DHEAS,median-robust-pca80-gmm,3,1286,True,0.39191290824261277,0.9721241029715131,0.013937948514243459
DHEAS,median-robust-pca80-gmm,4,1286,True,0.39191290824261277,0.9721241029715131,0.013937948514243459
DHEAS,median-zscore-none-kmeans,0,1286,True,0.30404354587869364,0.9558110380342957,0.02209448098285216
DHEAS,median-zscore-none-kmeans,1,1286,True,0.30326594090202175,0.9495576230249363,0.025221188487531854
DHEAS,median-zscore-none-kmeans,2,1286,True,0.30404354587869364,0.9526826210372448,0.023658689481377615
DHEAS,median-zscore-none-kmeans,3,1286,True,0.30404354587869364,0.9526826210372448,0.023658689481377615
DHEAS,median-zscore-none-kmeans,4,1286,True,0.30326594090202175,0.9526636339264482,0.023668183036775925
ANDRO,median-zscore-pca80-gmm,0,1286,True,0.31959564541213065,0.8894995819464264,0.05525020902678679
ANDRO,median-zscore-pca80-gmm,1,1286,True,0.31959564541213065,0.8894995819464264,0.05525020902678679
ANDRO,median-zscore-pca80-gmm,2,1286,True,0.31959564541213065,0.8894995819464264,0.05525020902678679
ANDRO,median-zscore-pca80-gmm,3,1286,True,0.31959564541213065,0.8894995819464264,0.05525020902678679
ANDRO,median-zscore-pca80-gmm,4,1286,True,0.3188180404354588,0.8924695781253426,0.05376521093732872
ANDRO,median-robust-pca80-gmm,0,1286,True,0.18351477449455678,0.2935568858723382,0.3532215570638309
ANDRO,median-robust-pca80-gmm,1,1286,True,0.18429237947122862,0.2953757687637034,0.3523121156181483
ANDRO,median-robust-pca80-gmm,2,1286,True,0.18429237947122862,0.2953757687637034,0.3523121156181483
ANDRO,median-robust-pca80-gmm,3,1286,True,0.18351477449455678,0.2935568858723382,0.3532215570638309
ANDRO,median-robust-pca80-gmm,4,1286,True,0.18429237947122862,0.2953757687637034,0.3523121156181483
ANDRO,median-zscore-none-kmeans,0,1286,True,0.2962674961119751,0.949474404469274,0.025262797765363
ANDRO,median-zscore-none-kmeans,1,1286,True,0.2962674961119751,0.9463474187792935,0.026826290610353243
ANDRO,median-zscore-none-kmeans,2,1286,True,0.29704510108864696,0.943248079682292,0.02837596015885402
ANDRO,median-zscore-none-kmeans,3,1286,True,0.2962674961119751,0.9463474187792935,0.026826290610353243
ANDRO,median-zscore-none-kmeans,4,1286,True,0.2962674961119751,0.9432240313388828,0.028387984330558613
AMH,median-zscore-pca80-gmm,0,1286,True,0.35303265940902023,0.794802907031585,0.10259854648420752
AMH,median-zscore-pca80-gmm,1,1286,True,0.35303265940902023,0.794802907031585,0.10259854648420752
AMH,median-zscore-pca80-gmm,2,1286,True,0.3522550544323484,0.7975899784514645,0.10120501077426775
AMH,median-zscore-pca80-gmm,3,1286,True,0.3522550544323484,0.7975899784514645,0.10120501077426775
AMH,median-zscore-pca80-gmm,4,1286,True,0.35303265940902023,0.794802907031585,0.10259854648420752
AMH,median-robust-pca80-gmm,0,1286,True,0.38880248833592534,0.9659787246629837,0.017010637668508133
AMH,median-robust-pca80-gmm,1,1286,True,0.38880248833592534,0.9659787246629837,0.017010637668508133
AMH,median-robust-pca80-gmm,2,1286,True,0.38880248833592534,0.9659787246629837,0.017010637668508133
AMH,median-robust-pca80-gmm,3,1286,True,0.38880248833592534,0.9659787246629837,0.017010637668508133
AMH,median-robust-pca80-gmm,4,1286,True,0.38880248833592534,0.9659787246629837,0.017010637668508133
AMH,median-zscore-none-kmeans,0,1286,True,0.29704510108864696,0.9904314727033253,0.004784263648337339
AMH,median-zscore-none-kmeans,1,1286,True,0.2978227060653188,0.9968055137436942,0.0015972431281529031
AMH,median-zscore-none-kmeans,2,1286,True,0.29704510108864696,0.9936146630136753,0.003192668493162354
AMH,median-zscore-none-kmeans,3,1286,True,0.2978227060653188,0.9968055137436942,0.0015972431281529031
AMH,median-zscore-none-kmeans,4,1286,True,0.2978227060653188,1.0,0.0
CORT_8,median-zscore-pca80-gmm,0,1286,True,0.33825816485225507,0.7859748792218457,0.10701256038907714
CORT_8,median-zscore-pca80-gmm,1,1286,True,0.33981337480559876,0.7860226316625554,0.10698868416872231
CORT_8,median-zscore-pca80-gmm,2,1286,True,0.33981337480559876,0.7860226316625554,0.10698868416872231
CORT_8,median-zscore-pca80-gmm,3,1286,True,0.33981337480559876,0.7860226316625554,0.10698868416872231
CORT_8,median-zscore-pca80-gmm,4,1286,True,0.33825816485225507,0.7859748792218457,0.10701256038907714
CORT_8,median-robust-pca80-gmm,0,1286,True,0.3942457231726283,0.9875632978789075,0.0062183510605462455
CORT_8,median-robust-pca80-gmm,1,1286,True,0.3942457231726283,0.9875632978789075,0.0062183510605462455
CORT_8,median-robust-pca80-gmm,2,1286,True,0.3942457231726283,0.9875632978789075,0.0062183510605462455
CORT_8,median-robust-pca80-gmm,3,1286,True,0.3942457231726283,0.9875632978789075,0.0062183510605462455
CORT_8,median-robust-pca80-gmm,4,1286,True,0.3942457231726283,0.9875632978789075,0.0062183510605462455
CORT_8,median-zscore-none-kmeans,0,1286,True,0.3001555209953344,0.9840904543396356,0.0079547728301822
CORT_8,median-zscore-none-kmeans,1,1286,True,0.3001555209953344,0.9809195504134788,0.00954022479326061
CORT_8,median-zscore-none-kmeans,2,1286,True,0.3001555209953344,0.9809195504134788,0.00954022479326061
CORT_8,median-zscore-none-kmeans,3,1286,True,0.29937791601866254,0.9777522666069594,0.011123866696520324
CORT_8,median-zscore-none-kmeans,4,1286,True,0.3001555209953344,0.9840839381003006,0.007958030949849704
CORT_23,median-zscore-pca80-gmm,0,1286,True,0.2838258164852255,0.7285397617075152,0.1357301191462424
CORT_23,median-zscore-pca80-gmm,1,1286,True,0.2838258164852255,0.7285397617075152,0.1357301191462424
CORT_23,median-zscore-pca80-gmm,2,1286,True,0.2838258164852255,0.7285397617075152,0.1357301191462424
CORT_23,median-zscore-pca80-gmm,3,1286,True,0.2838258164852255,0.7285397617075152,0.1357301191462424
CORT_23,median-zscore-pca80-gmm,4,1286,True,0.28304821150855364,0.7257773832148059,0.13711130839259705
CORT_23,median-robust-pca80-gmm,0,1286,True,0.3849144634525661,0.9446258698865503,0.027687065056724858
CORT_23,median-robust-pca80-gmm,1,1286,True,0.3849144634525661,0.9446258698865503,0.027687065056724858
CORT_23,median-robust-pca80-gmm,2,1286,True,0.3849144634525661,0.9446258698865503,0.027687065056724858
CORT_23,median-robust-pca80-gmm,3,1286,True,0.3849144634525661,0.9446258698865503,0.027687065056724858
CORT_23,median-robust-pca80-gmm,4,1286,True,0.3849144634525661,0.9446258698865503,0.027687065056724858
CORT_23,median-zscore-none-kmeans,0,1286,True,0.3001555209953344,0.9777614110386819,0.01111929448065907
CORT_23,median-zscore-none-kmeans,1,1286,True,0.30326594090202175,0.9746199378842002,0.012690031057899898
CORT_23,median-zscore-none-kmeans,2,1286,True,0.29937791601866254,0.9777522666069594,0.011123866696520324
CORT_23,median-zscore-none-kmeans,3,1286,True,0.30326594090202175,0.9746199378842002,0.012690031057899898
CORT_23,median-zscore-none-kmeans,4,1286,True,0.3001555209953344,0.9777523025467589,0.011123848726620533
TSH,median-zscore-pca80-gmm,0,1286,True,0.33048211508553654,0.8311482222790075,0.08442588886049623
TSH,median-zscore-pca80-gmm,1,1286,True,0.328149300155521,0.8282116926220714,0.0858941536889643
TSH,median-zscore-pca80-gmm,2,1286,True,0.328149300155521,0.8282116926220714,0.0858941536889643
TSH,median-zscore-pca80-gmm,3,1286,True,0.33048211508553654,0.8311482222790075,0.08442588886049623
TSH,median-zscore-pca80-gmm,4,1286,True,0.3273716951788491,0.8253192057314072,0.08734039713429642
TSH,median-robust-pca80-gmm,0,1286,True,0.39580093312597203,0.987564014367952,0.006217992816023976
TSH,median-robust-pca80-gmm,1,1286,True,0.39580093312597203,0.987564014367952,0.006217992816023976
TSH,median-robust-pca80-gmm,2,1286,True,0.39580093312597203,0.987564014367952,0.006217992816023976
TSH,median-robust-pca80-gmm,3,1286,True,0.3965785381026439,0.9844675859774721,0.007766207011263959
TSH,median-robust-pca80-gmm,4,1286,True,0.39580093312597203,0.987564014367952,0.006217992816023976
TSH,median-zscore-none-kmeans,0,1286,True,0.2978227060653188,0.9809116572029162,0.009544171398541912
TSH,median-zscore-none-kmeans,1,1286,True,0.30404354587869364,0.9651913852634334,0.0174043073682833
TSH,median-zscore-none-kmeans,2,1286,True,0.2986003110419907,0.9809116417220856,0.00954417913895722
TSH,median-zscore-none-kmeans,3,1286,True,0.2986003110419907,0.9809116417220856,0.00954417913895722
TSH,median-zscore-none-kmeans,4,1286,True,0.3009331259720062,0.9745992127875168,0.012700393606241589
FT4,median-zscore-pca80-gmm,0,1286,True,0.3297045101088647,0.8282524892073139,0.08587375539634307
FT4,median-zscore-pca80-gmm,1,1286,True,0.3297045101088647,0.8282524892073139,0.08587375539634307
FT4,median-zscore-pca80-gmm,2,1286,True,0.3297045101088647,0.8282524892073139,0.08587375539634307
FT4,median-zscore-pca80-gmm,3,1286,True,0.3297045101088647,0.8282524892073139,0.08587375539634307
FT4,median-zscore-pca80-gmm,4,1286,True,0.3297045101088647,0.8282524892073139,0.08587375539634307
FT4,median-robust-pca80-gmm,0,1286,True,0.3926905132192846,0.9752027540449999,0.012398622977500051
FT4,median-robust-pca80-gmm,1,1286,True,0.3926905132192846,0.9752027540449999,0.012398622977500051
FT4,median-robust-pca80-gmm,2,1286,True,0.3926905132192846,0.9752027540449999,0.012398622977500051
FT4,median-robust-pca80-gmm,3,1286,True,0.3926905132192846,0.9752027540449999,0.012398622977500051
FT4,median-robust-pca80-gmm,4,1286,True,0.3926905132192846,0.9752027540449999,0.012398622977500051
FT4,median-zscore-none-kmeans,0,1286,True,0.30404354587869364,0.9495777343248477,0.025211132837576145
FT4,median-zscore-none-kmeans,1,1286,True,0.3001555209953344,0.9620179800418313,0.018991009979084372
FT4,median-zscore-none-kmeans,2,1286,True,0.29937791601866254,0.9651486137789126,0.017425693110543705
FT4,median-zscore-none-kmeans,3,1286,True,0.30404354587869364,0.9464580216961176,0.026770989151941205
FT4,median-zscore-none-kmeans,4,1286,True,0.3048211508553655,0.9464583592314634,0.026770820384268312
ATA_TPO,median-zscore-pca80-gmm,0,1286,True,0.3701399688958009,0.7187638210221213,0.14061808948893934
ATA_TPO,median-zscore-pca80-gmm,1,1286,True,0.3678071539657854,0.7213534551527443,0.13932327242362785
ATA_TPO,median-zscore-pca80-gmm,2,1286,True,0.3701399688958009,0.7187638210221213,0.14061808948893934
ATA_TPO,median-zscore-pca80-gmm,3,1286,True,0.3631415241057543,0.7158680210990007,0.14206598945049964
ATA_TPO,median-zscore-pca80-gmm,4,1286,True,0.36391912908242613,0.718557136592226,0.140721431703887
ATA_TPO,median-robust-pca80-gmm,0,1286,True,0.1827371695178849,0.12670315216067615,0.4366484239196619
ATA_TPO,median-robust-pca80-gmm,1,1286,True,0.1827371695178849,0.12670315216067615,0.4366484239196619
ATA_TPO,median-robust-pca80-gmm,2,1286,True,0.1827371695178849,0.12670315216067615,0.4366484239196619
ATA_TPO,median-robust-pca80-gmm,3,1286,True,0.45023328149300157,0.5134461102883564,0.2432769448558218
ATA_TPO,median-robust-pca80-gmm,4,1286,True,0.45023328149300157,0.5134461102883564,0.2432769448558218
ATA_TPO,median-zscore-none-kmeans,0,1286,True,0.2986003110419907,0.9968068426884779,0.0015965786557610717
ATA_TPO,median-zscore-none-kmeans,1,1286,True,0.2986003110419907,1.0,0.0
ATA_TPO,median-zscore-none-kmeans,2,1286,True,0.2986003110419907,1.0,0.0
ATA_TPO,median-zscore-none-kmeans,3,1286,True,0.2986003110419907,1.0,0.0
ATA_TPO,median-zscore-none-kmeans,4,1286,True,0.29937791601866254,0.9936173353772251,0.0031913323113874625
ANTI_TG,median-zscore-pca80-gmm,0,1286,True,0.307153965785381,0.81326445958853,0.093367770205735
ANTI_TG,median-zscore-pca80-gmm,1,1286,True,0.3094867807153966,0.8161998515806478,0.09190007420967611
ANTI_TG,median-zscore-pca80-gmm,2,1286,True,0.307153965785381,0.81326445958853,0.093367770205735
ANTI_TG,median-zscore-pca80-gmm,3,1286,True,0.307153965785381,0.81326445958853,0.093367770205735
ANTI_TG,median-zscore-pca80-gmm,4,1286,True,0.3048211508553655,0.8103307130790957,0.09483464346045217
ANTI_TG,median-robust-pca80-gmm,0,1286,True,0.27060653188180406,0.18418218356647015,0.40790890821676495
ANTI_TG,median-robust-pca80-gmm,1,1286,True,0.27060653188180406,0.18418218356647015,0.40790890821676495
ANTI_TG,median-robust-pca80-gmm,2,1286,True,0.27060653188180406,0.18418218356647015,0.40790890821676495
ANTI_TG,median-robust-pca80-gmm,3,1286,True,0.27060653188180406,0.18418218356647015,0.40790890821676495
ANTI_TG,median-robust-pca80-gmm,4,1286,True,0.27060653188180406,0.18418218356647015,0.40790890821676495
ANTI_TG,median-zscore-none-kmeans,0,1286,True,0.2986003110419907,0.9904354377493786,0.004782281125310706
ANTI_TG,median-zscore-none-kmeans,1,1286,True,0.2986003110419907,0.9936173302008223,0.003191334899588838
ANTI_TG,median-zscore-none-kmeans,2,1286,True,0.2986003110419907,0.9936173302008223,0.003191334899588838
ANTI_TG,median-zscore-none-kmeans,3,1286,True,0.2986003110419907,0.9936173302008223,0.003191334899588838
ANTI_TG,median-zscore-none-kmeans,4,1286,True,0.2986003110419907,0.9968055137436942,0.0015972431281529031
GLU0,median-zscore-pca80-gmm,0,1286,True,0.31959564541213065,0.8022779186294723,0.09886104068526386
GLU0,median-zscore-pca80-gmm,1,1286,True,0.31959564541213065,0.8022779186294723,0.09886104068526386
GLU0,median-zscore-pca80-gmm,2,1286,True,0.31959564541213065,0.8022779186294723,0.09886104068526386
GLU0,median-zscore-pca80-gmm,3,1286,True,0.31959564541213065,0.8022779186294723,0.09886104068526386
GLU0,median-zscore-pca80-gmm,4,1286,True,0.31959564541213065,0.8022779186294723,0.09886104068526386
GLU0,median-robust-pca80-gmm,0,1286,True,0.39346811819595645,0.9721257447560541,0.013937127621972967
GLU0,median-robust-pca80-gmm,1,1286,True,0.39346811819595645,0.9721257447560541,0.013937127621972967
GLU0,median-robust-pca80-gmm,2,1286,True,0.39346811819595645,0.9721257447560541,0.013937127621972967
GLU0,median-robust-pca80-gmm,3,1286,True,0.39346811819595645,0.9721257447560541,0.013937127621972967
GLU0,median-robust-pca80-gmm,4,1286,True,0.39346811819595645,0.9721257447560541,0.013937127621972967
GLU0,median-zscore-none-kmeans,0,1286,True,0.3048211508553655,0.9279319234350191,0.036034038282490466
GLU0,median-zscore-none-kmeans,1,1286,True,0.3024883359253499,0.9340416176345349,0.03297919118273257
GLU0,median-zscore-none-kmeans,2,1286,True,0.3024883359253499,0.9340416176345349,0.03297919118273257
GLU0,median-zscore-none-kmeans,3,1286,True,0.3055987558320373,0.9279323740497156,0.03603381297514219
GLU0,median-zscore-none-kmeans,4,1286,True,0.30171073094867806,0.9402047382241919,0.029897630887904036
GLU120,median-zscore-pca80-gmm,0,1286,True,0.2978227060653188,0.7958601702984124,0.10206991485079381
GLU120,median-zscore-pca80-gmm,1,1286,True,0.2978227060653188,0.7958601702984124,0.10206991485079381
GLU120,median-zscore-pca80-gmm,2,1286,True,0.29937791601866254,0.8015947027902893,0.09920264860485534
GLU120,median-zscore-pca80-gmm,3,1286,True,0.2978227060653188,0.7958601702984124,0.10206991485079381
GLU120,median-zscore-pca80-gmm,4,1286,True,0.29937791601866254,0.8015947027902893,0.09920264860485534
GLU120,median-robust-pca80-gmm,0,1286,True,0.3942457231726283,0.9813740498654465,0.00931297506727674
GLU120,median-robust-pca80-gmm,1,1286,True,0.3942457231726283,0.9813740498654465,0.00931297506727674
GLU120,median-robust-pca80-gmm,2,1286,True,0.3942457231726283,0.9813740498654465,0.00931297506727674
GLU120,median-robust-pca80-gmm,3,1286,True,0.3942457231726283,0.9813740498654465,0.00931297506727674
GLU120,median-robust-pca80-gmm,4,1286,True,0.3942457231726283,0.9813740498654465,0.00931297506727674
GLU120,median-zscore-none-kmeans,0,1286,True,0.3110419906687403,0.8975776973062709,0.05121115134686455
GLU120,median-zscore-none-kmeans,1,1286,True,0.3110419906687403,0.8945390112571042,0.05273049437144789
GLU120,median-zscore-none-kmeans,2,1286,True,0.3118195956454121,0.8915449875307964,0.05422750623460182
GLU120,median-zscore-none-kmeans,3,1286,True,0.3110419906687403,0.8945390112571042,0.05273049437144789
GLU120,median-zscore-none-kmeans,4,1286,True,0.3110419906687403,0.8975403207159065,0.05122983964204675
INS0,median-zscore-pca80-gmm,0,1286,True,0.32892690513219286,0.9379161174699704,0.031041941265014805
INS0,median-zscore-pca80-gmm,1,1286,True,0.32892690513219286,0.9379161174699704,0.031041941265014805
INS0,median-zscore-pca80-gmm,2,1286,True,0.33514774494556765,0.9379739732416839,0.031013013379158072
INS0,median-zscore-pca80-gmm,3,1286,True,0.33359253499222397,0.9440755392550487,0.027962230372475638
INS0,median-zscore-pca80-gmm,4,1286,True,0.33359253499222397,0.9440755392550487,0.027962230372475638
INS0,median-robust-pca80-gmm,0,1286,True,0.3942457231726283,0.9629227180134045,0.018538640993297772
INS0,median-robust-pca80-gmm,1,1286,True,0.3942457231726283,0.9629227180134045,0.018538640993297772
INS0,median-robust-pca80-gmm,2,1286,True,0.3942457231726283,0.9629227180134045,0.018538640993297772
INS0,median-robust-pca80-gmm,3,1286,True,0.3942457231726283,0.9629227180134045,0.018538640993297772
INS0,median-robust-pca80-gmm,4,1286,True,0.3942457231726283,0.9629227180134045,0.018538640993297772
INS0,median-zscore-none-kmeans,0,1286,True,0.3265940902021773,0.7758543663702977,0.11207281681485115
INS0,median-zscore-none-kmeans,1,1286,True,0.3265940902021773,0.7730186822344772,0.11349065888276139
INS0,median-zscore-none-kmeans,2,1286,True,0.3250388802488336,0.7785474297866798,0.1107262851066601
INS0,median-zscore-none-kmeans,3,1286,True,0.3250388802488336,0.7785474297866798,0.1107262851066601
INS0,median-zscore-none-kmeans,4,1286,True,0.3265940902021773,0.7701869340232042,0.11490653298839792
TCHOL,median-zscore-pca80-gmm,0,1286,True,0.3475894245723173,0.8201178015208562,0.08994109923957189
TCHOL,median-zscore-pca80-gmm,1,1286,True,0.3475894245723173,0.8201178015208562,0.08994109923957189
TCHOL,median-zscore-pca80-gmm,2,1286,True,0.3468118195956454,0.8229528318245908,0.08852358408770461
TCHOL,median-zscore-pca80-gmm,3,1286,True,0.3475894245723173,0.8201178015208562,0.08994109923957189
TCHOL,median-zscore-pca80-gmm,4,1286,True,0.3475894245723173,0.8201178015208562,0.08994109923957189
TCHOL,median-robust-pca80-gmm,0,1286,True,0.39813374805598756,0.9721305262437809,0.013934736878109533
TCHOL,median-robust-pca80-gmm,1,1286,True,0.39813374805598756,0.9721305262437809,0.013934736878109533
TCHOL,median-robust-pca80-gmm,2,1286,True,0.39813374805598756,0.9721305262437809,0.013934736878109533
TCHOL,median-robust-pca80-gmm,3,1286,True,0.39813374805598756,0.9721305262437809,0.013934736878109533
TCHOL,median-robust-pca80-gmm,4,1286,True,0.39813374805598756,0.9721305262437809,0.013934736878109533
TCHOL,median-zscore-none-kmeans,0,1286,True,0.30326594090202175,0.927903013840741,0.036048493079629484
TCHOL,median-zscore-none-kmeans,1,1286,True,0.30326594090202175,0.9248130554222083,0.03759347228889587
TCHOL,median-zscore-none-kmeans,2,1286,True,0.30326594090202175,0.9248130554222083,0.03759347228889587
TCHOL,median-zscore-none-kmeans,3,1286,True,0.30326594090202175,0.9248130554222083,0.03759347228889587
TCHOL,median-zscore-none-kmeans,4,1286,True,0.30326594090202175,0.921726779938698,0.039136610030651
LDL,median-zscore-pca80-gmm,0,1286,True,0.3856920684292379,0.7514875840350642,0.12425620798246789
LDL,median-zscore-pca80-gmm,1,1286,True,0.3856920684292379,0.7514875840350642,0.12425620798246789
LDL,median-zscore-pca80-gmm,2,1286,True,0.3856920684292379,0.7514875840350642,0.12425620798246789
LDL,median-zscore-pca80-gmm,3,1286,True,0.3856920684292379,0.7514875840350642,0.12425620798246789
LDL,median-zscore-pca80-gmm,4,1286,True,0.3856920684292379,0.7514875840350642,0.12425620798246789
LDL,median-robust-pca80-gmm,0,1286,True,0.3973561430793157,0.981376179961239,0.009311910019380476
LDL,median-robust-pca80-gmm,1,1286,True,0.3973561430793157,0.981376179961239,0.009311910019380476
LDL,median-robust-pca80-gmm,2,1286,True,0.3973561430793157,0.981376179961239,0.009311910019380476
LDL,median-robust-pca80-gmm,3,1286,True,0.3973561430793157,0.981376179961239,0.009311910019380476
LDL,median-robust-pca80-gmm,4,1286,True,0.3965785381026439,0.9782885710002042,0.010855714499897917
LDL,median-zscore-none-kmeans,0,1286,True,0.3001555209953344,0.8852103304289739,0.05739483478551305
LDL,median-zscore-none-kmeans,1,1286,True,0.3048211508553655,0.87632716954384,0.06183641522807998
LDL,median-zscore-none-kmeans,2,1286,True,0.3001555209953344,0.8821782238032315,0.05891088809838424
LDL,median-zscore-none-kmeans,3,1286,True,0.3001555209953344,0.8821782238032315,0.05891088809838424
LDL,median-zscore-none-kmeans,4,1286,True,0.3024883359253499,0.8822271112478532,0.05888644437607338
HDL,median-zscore-pca80-gmm,0,1286,True,0.3452566096423017,0.8401458332563403,0.07992708337182985
HDL,median-zscore-pca80-gmm,1,1286,True,0.3452566096423017,0.8401458332563403,0.07992708337182985
HDL,median-zscore-pca80-gmm,2,1286,True,0.3429237947122862,0.8372090787544345,0.08139546062278274
HDL,median-zscore-pca80-gmm,3,1286,True,0.3452566096423017,0.8401458332563403,0.07992708337182985
HDL,median-zscore-pca80-gmm,4,1286,True,0.3452566096423017,0.8401458332563403,0.07992708337182985
HDL,median-robust-pca80-gmm,0,1286,True,0.3942457231726283,0.9752042038833757,0.012397898058312151
HDL,median-robust-pca80-gmm,1,1286,True,0.3942457231726283,0.9752042038833757,0.012397898058312151
HDL,median-robust-pca80-gmm,2,1286,True,0.39502332814930013,0.9782873294158698,0.010856335292065089
HDL,median-robust-pca80-gmm,3,1286,True,0.3942457231726283,0.9752042038833757,0.012397898058312151
HDL,median-robust-pca80-gmm,4,1286,True,0.3942457231726283,0.9752042038833757,0.012397898058312151
HDL,median-zscore-none-kmeans,0,1286,True,0.3164852255054432,0.8707527778177341,0.06462361109113296
HDL,median-zscore-none-kmeans,1,1286,True,0.3164852255054432,0.8677591641568927,0.06612041792155365
HDL,median-zscore-none-kmeans,2,1286,True,0.3164852255054432,0.8677591641568927,0.06612041792155365
HDL,median-zscore-none-kmeans,3,1286,True,0.3164852255054432,0.8677591641568927,0.06612041792155365
HDL,median-zscore-none-kmeans,4,1286,True,0.3157076205287714,0.8677111835292488,0.0661444082353756
TG,median-zscore-pca80-gmm,0,1286,True,0.3468118195956454,0.8810612223574837,0.05946938882125813
TG,median-zscore-pca80-gmm,1,1286,True,0.3468118195956454,0.8810612223574837,0.05946938882125813
TG,median-zscore-pca80-gmm,2,1286,True,0.3468118195956454,0.8810612223574837,0.05946938882125813
TG,median-zscore-pca80-gmm,3,1286,True,0.3468118195956454,0.8810612223574837,0.05946938882125813
TG,median-zscore-pca80-gmm,4,1286,True,0.3468118195956454,0.8810612223574837,0.05946938882125813
TG,median-robust-pca80-gmm,0,1286,True,0.39580093312597203,0.987564014367952,0.006217992816023976
TG,median-robust-pca80-gmm,1,1286,True,0.39580093312597203,0.987564014367952,0.006217992816023976
TG,median-robust-pca80-gmm,2,1286,True,0.39580093312597203,0.987564014367952,0.006217992816023976
TG,median-robust-pca80-gmm,3,1286,True,0.39580093312597203,0.987564014367952,0.006217992816023976
TG,median-robust-pca80-gmm,4,1286,True,0.39580093312597203,0.987564014367952,0.006217992816023976
TG,median-zscore-none-kmeans,0,1286,True,0.3094867807153966,0.7805772925307951,0.10971135373460245
TG,median-zscore-none-kmeans,1,1286,True,0.3094867807153966,0.7777137181349029,0.11114314093254857
TG,median-zscore-none-kmeans,2,1286,True,0.31026438569206843,0.7805796334694153,0.10971018326529236
TG,median-zscore-none-kmeans,3,1286,True,0.3094867807153966,0.7777137181349029,0.11114314093254857
TG,median-zscore-none-kmeans,4,1286,True,0.3118195956454121,0.7721746979902084,0.11391265100489578
WBC,median-zscore-pca80-gmm,0,1286,True,0.3499222395023328,0.8344874965100282,0.08275625174498591
WBC,median-zscore-pca80-gmm,1,1286,True,0.3499222395023328,0.8344874965100282,0.08275625174498591
WBC,median-zscore-pca80-gmm,2,1286,True,0.3499222395023328,0.8344874965100282,0.08275625174498591
WBC,median-zscore-pca80-gmm,3,1286,True,0.3499222395023328,0.8344874965100282,0.08275625174498591
WBC,median-zscore-pca80-gmm,4,1286,True,0.3499222395023328,0.8344874965100282,0.08275625174498591
WBC,median-robust-pca80-gmm,0,1286,True,0.4082426127527216,0.8909167842240476,0.054541607887976185
WBC,median-robust-pca80-gmm,1,1286,True,0.4082426127527216,0.8909167842240476,0.054541607887976185
WBC,median-robust-pca80-gmm,2,1286,True,0.4082426127527216,0.8909167842240476,0.054541607887976185
WBC,median-robust-pca80-gmm,3,1286,True,0.4082426127527216,0.8909167842240476,0.054541607887976185
WBC,median-robust-pca80-gmm,4,1286,True,0.4082426127527216,0.8909167842240476,0.054541607887976185
WBC,median-zscore-none-kmeans,0,1286,True,0.3048211508553655,0.8793456997629965,0.06032715011850176
WBC,median-zscore-none-kmeans,1,1286,True,0.3048211508553655,0.8823222248885849,0.05883888755570754
WBC,median-zscore-none-kmeans,2,1286,True,0.3048211508553655,0.8823222248885849,0.05883888755570754
WBC,median-zscore-none-kmeans,3,1286,True,0.30404354587869364,0.8853040632569732,0.0573479683715134
WBC,median-zscore-none-kmeans,4,1286,True,0.30404354587869364,0.8882925988816843,0.05585370055915784
NEUT,median-zscore-pca80-gmm,0,1286,True,0.31259720062208396,0.8509893906738908,0.0745053046630546
NEUT,median-zscore-pca80-gmm,1,1286,True,0.30870917573872475,0.8363401535982126,0.08182992320089372
NEUT,median-zscore-pca80-gmm,2,1286,True,0.31259720062208396,0.8509893906738908,0.0745053046630546
NEUT,median-zscore-pca80-gmm,3,1286,True,0.31259720062208396,0.8509893906738908,0.0745053046630546
NEUT,median-zscore-pca80-gmm,4,1286,True,0.30870917573872475,0.8363401535982126,0.08182992320089372
NEUT,median-robust-pca80-gmm,0,1286,True,0.39813374805598756,0.8938253799342163,0.053087310032891855
NEUT,median-robust-pca80-gmm,1,1286,True,0.39813374805598756,0.8938253799342163,0.053087310032891855
NEUT,median-robust-pca80-gmm,2,1286,True,0.39813374805598756,0.8938253799342163,0.053087310032891855
NEUT,median-robust-pca80-gmm,3,1286,True,0.39813374805598756,0.8938253799342163,0.053087310032891855
NEUT,median-robust-pca80-gmm,4,1286,True,0.39813374805598756,0.8938253799342163,0.053087310032891855
NEUT,median-zscore-none-kmeans,0,1286,True,0.291601866251944,0.8879656444386039,0.056017177780698035
NEUT,median-zscore-none-kmeans,1,1286,True,0.2939346811819596,0.8819803578199547,0.059009821090022674
NEUT,median-zscore-none-kmeans,2,1286,True,0.2978227060653188,0.8731030731882266,0.06344846340588672
NEUT,median-zscore-none-kmeans,3,1286,True,0.2939346811819596,0.8819803578199547,0.059009821090022674
NEUT,median-zscore-none-kmeans,4,1286,True,0.2939346811819596,0.8849689201447019,0.05751553992764907
LYMPH,median-zscore-pca80-gmm,0,1286,True,0.3157076205287714,0.8278712141512277,0.08606439292438617
LYMPH,median-zscore-pca80-gmm,1,1286,True,0.3157076205287714,0.8278712141512277,0.08606439292438617
LYMPH,median-zscore-pca80-gmm,2,1286,True,0.3157076205287714,0.8278712141512277,0.08606439292438617
LYMPH,median-zscore-pca80-gmm,3,1286,True,0.3157076205287714,0.8278712141512277,0.08606439292438617
LYMPH,median-zscore-pca80-gmm,4,1286,True,0.3157076205287714,0.8278712141512277,0.08606439292438617
LYMPH,median-robust-pca80-gmm,0,1286,True,0.3942457231726283,0.9507188402689939,0.024640579865503054
LYMPH,median-robust-pca80-gmm,1,1286,True,0.3942457231726283,0.9507188402689939,0.024640579865503054
LYMPH,median-robust-pca80-gmm,2,1286,True,0.3942457231726283,0.9507188402689939,0.024640579865503054
LYMPH,median-robust-pca80-gmm,3,1286,True,0.3942457231726283,0.9507188402689939,0.024640579865503054
LYMPH,median-robust-pca80-gmm,4,1286,True,0.3942457231726283,0.9507188402689939,0.024640579865503054
LYMPH,median-zscore-none-kmeans,0,1286,True,0.3001555209953344,0.9464142656469879,0.02679286717650603
LYMPH,median-zscore-none-kmeans,1,1286,True,0.29937791601866254,0.946392231376291,0.026803884311854487
LYMPH,median-zscore-none-kmeans,2,1286,True,0.3001555209953344,0.949516310468996,0.02524184476550201
LYMPH,median-zscore-none-kmeans,3,1286,True,0.3001555209953344,0.949516310468996,0.02524184476550201
LYMPH,median-zscore-none-kmeans,4,1286,True,0.29937791601866254,0.9494954263493823,0.025252286825308834
PLT,median-zscore-pca80-gmm,0,1286,True,0.3654743390357698,0.8348128692643558,0.08259356536782209
PLT,median-zscore-pca80-gmm,1,1286,True,0.3654743390357698,0.8348128692643558,0.08259356536782209
PLT,median-zscore-pca80-gmm,2,1286,True,0.3654743390357698,0.8348128692643558,0.08259356536782209
PLT,median-zscore-pca80-gmm,3,1286,True,0.3654743390357698,0.8348128692643558,0.08259356536782209
PLT,median-zscore-pca80-gmm,4,1286,True,0.3654743390357698,0.8348128692643558,0.08259356536782209
PLT,median-robust-pca80-gmm,0,1286,True,0.4020217729393468,0.9568231475858785,0.02158842620706075
PLT,median-robust-pca80-gmm,1,1286,True,0.4020217729393468,0.9568231475858785,0.02158842620706075
PLT,median-robust-pca80-gmm,2,1286,True,0.4020217729393468,0.9568231475858785,0.02158842620706075
PLT,median-robust-pca80-gmm,3,1286,True,0.4020217729393468,0.9568231475858785,0.02158842620706075
PLT,median-robust-pca80-gmm,4,1286,True,0.4020217729393468,0.9568231475858785,0.02158842620706075
PLT,median-zscore-none-kmeans,0,1286,True,0.307153965785381,0.9249027915820646,0.03754860420896772
PLT,median-zscore-none-kmeans,1,1286,True,0.30793157076205285,0.924903429144692,0.03754828542765398
PLT,median-zscore-none-kmeans,2,1286,True,0.307153965785381,0.9279611390362749,0.03601943048186257
PLT,median-zscore-none-kmeans,3,1286,True,0.307153965785381,0.9279611390362749,0.03601943048186257
PLT,median-zscore-none-kmeans,4,1286,True,0.30404354587869364,0.930969790882264,0.034515104558868026
RDW,median-zscore-pca80-gmm,0,1286,True,0.3203732503888025,0.8051384821237552,0.09743075893812242
RDW,median-zscore-pca80-gmm,1,1286,True,0.32115085536547433,0.8080031359581039,0.09599843202094804
RDW,median-zscore-pca80-gmm,2,1286,True,0.3188180404354588,0.8107774015068977,0.09461129924655115
RDW,median-zscore-pca80-gmm,3,1286,True,0.3203732503888025,0.8051384821237552,0.09743075893812242
RDW,median-zscore-pca80-gmm,4,1286,True,0.3203732503888025,0.8051384821237552,0.09743075893812242
RDW,median-robust-pca80-gmm,0,1286,True,0.37169517884914466,0.8819426764884379,0.05902866175578103
RDW,median-robust-pca80-gmm,1,1286,True,0.37169517884914466,0.8819426764884379,0.05902866175578103
RDW,median-robust-pca80-gmm,2,1286,True,0.37169517884914466,0.8819426764884379,0.05902866175578103
RDW,median-robust-pca80-gmm,3,1286,True,0.37169517884914466,0.8819426764884379,0.05902866175578103
RDW,median-robust-pca80-gmm,4,1286,True,0.37169517884914466,0.8819426764884379,0.05902866175578103
RDW,median-zscore-none-kmeans,0,1286,True,0.307153965785381,0.9683623752174836,0.015818812391258208
RDW,median-zscore-none-kmeans,1,1286,True,0.31026438569206843,0.9527578031608985,0.023621098419550735
RDW,median-zscore-none-kmeans,2,1286,True,0.30793157076205285,0.9620946785777883,0.01895266071110585
RDW,median-zscore-none-kmeans,3,1286,True,0.307153965785381,0.9652192837957849,0.01739035810210754
RDW,median-zscore-none-kmeans,4,1286,True,0.3094867807153966,0.9527397656218468,0.023630117189076594
MPV,median-zscore-pca80-gmm,0,1286,True,0.2892690513219285,0.7757844551459159,0.11210777242704206
MPV,median-zscore-pca80-gmm,1,1286,True,0.2892690513219285,0.7757844551459159,0.11210777242704206
MPV,median-zscore-pca80-gmm,2,1286,True,0.2892690513219285,0.7757844551459159,0.11210777242704206
MPV,median-zscore-pca80-gmm,3,1286,True,0.2892690513219285,0.7757844551459159,0.11210777242704206
MPV,median-zscore-pca80-gmm,4,1286,True,0.2892690513219285,0.7757844551459159,0.11210777242704206
MPV,median-robust-pca80-gmm,0,1286,True,0.3989113530326594,0.9690590286198758,0.015470485690062097
MPV,median-robust-pca80-gmm,1,1286,True,0.3989113530326594,0.9690590286198758,0.015470485690062097
MPV,median-robust-pca80-gmm,2,1286,True,0.3989113530326594,0.9690590286198758,0.015470485690062097
MPV,median-robust-pca80-gmm,3,1286,True,0.3989113530326594,0.9690590286198758,0.015470485690062097
MPV,median-robust-pca80-gmm,4,1286,True,0.3989113530326594,0.9690590286198758,0.015470485690062097
MPV,median-zscore-none-kmeans,0,1286,True,0.29937791601866254,0.9936199695370566,0.003190015231471721
MPV,median-zscore-none-kmeans,1,1286,True,0.29937791601866254,0.9968068426884779,0.0015965786557610717
MPV,median-zscore-none-kmeans,2,1286,True,0.29937791601866254,0.9968068426884779,0.0015965786557610717
MPV,median-zscore-none-kmeans,3,1286,True,0.29937791601866254,0.9968068426884779,0.0015965786557610717
MPV,median-zscore-none-kmeans,4,1286,True,0.29937791601866254,0.9936173353772251,0.0031913323113874625
