analysis_id,method,k,label
1571e1c8616c,kmeans,2,0
c9de9295bb5d,kmeans,2,0
210594eec92b,kmeans,2,1
2ac8d4958a40,kmeans,2,1
af464bdf5059,kmeans,2,0
f3397196a895,kmeans,2,1
e2a974849278,kmeans,2,0
ad9c45dd25dc,kmeans,2,1
7e72f88d518a,kmeans,2,1
b4f341a70721,kmeans,2,0
31996d251977,kmeans,2,1
98f372ae08e4,kmeans,2,1
42335babf48b,kmeans,2,1
9c6d091c87de,kmeans,2,0
07ee3399e047,kmeans,2,0
f566b25f8cc0,kmeans,2,1
6956805cbab1,kmeans,2,0
ec542a3a3564,kmeans,2,0
fb715165355e,kmeans,2,0
94af6ce4d14b,kmeans,2,1
cb23c39b3226,kmeans,2,1
046566dbb3d6,kmeans,2,0
d5d83dbdbaf8,kmeans,2,0
15468dcb57e5,kmeans,2,1
3d5dee6bd374,kmeans,2,1
d82126a35001,kmeans,2,1
50c4a263b909,kmeans,2,1
0ebcdab084a2,kmeans,2,1
e7df891ef494,kmeans,2,1
cef38354125d,kmeans,2,1
e308d2e59ce9,kmeans,2,1
9b4f07de6629,kmeans,2,0
af47b0a976d4,kmeans,2,1
2d31f959b033,kmeans,2,0
516c3f68b4ea,kmeans,2,1
fad12355a7e0,kmeans,2,0
d1a897843b0d,kmeans,2,1
a36ad60b0851,kmeans,2,1
84ca097d3107,kmeans,2,1
392dad1f301e,kmeans,2,0
d8f5426a1dc0,kmeans,2,1
205ddbc04f8c,kmeans,2,0
88b9ce31b03e,kmeans,2,0
4951c31c3377,kmeans,2,1
2d5461ebdc4f,kmeans,2,1
bc545c5cf25a,kmeans,2,0
bfbf73619675,kmeans,2,0
b7f058902680,kmeans,2,1
5656509a0434,kmeans,2,1
b9e3bac5f0c0,kmeans,2,1
f5f58d1ee679,kmeans,2,1
159c2c8c162a,kmeans,2,1
9f8399293a5b,kmeans,2,1
60d8f9a0c810,kmeans,2,0
25155a6d62d7,kmeans,2,1
87e0b56ba652,kmeans,2,1
8c5a917970c0,kmeans,2,1
1f7dc12f3677,kmeans,2,0
30b36d9a5f19,kmeans,2,1
b9e89dee9d5c,kmeans,2,1
d04ef2e0c992,kmeans,2,1
7411bb97428c,kmeans,2,1
d8cd9e580184,kmeans,2,1
f86f783e34d8,kmeans,2,1
2337969a7273,kmeans,2,1
421490b75587,kmeans,2,1
b8a32e9375c2,kmeans,2,1
23eba09b6089,kmeans,2,1
651ef23a64b5,kmeans,2,1
e85eb5278557,kmeans,2,1
a6ac64bcbf02,kmeans,2,1
39663573c347,kmeans,2,1
ab453134cb42,kmeans,2,0
fa49e64ead21,kmeans,2,0
0a7283b6b7e1,kmeans,2,0
f7fe21401cd2,kmeans,2,1
860405b85a51,kmeans,2,0
8181105cbee5,kmeans,2,1
aeada7c26863,kmeans,2,1
34ae85cb12ac,kmeans,2,0
c215343072b7,kmeans,2,1
21f95e9c2fc3,kmeans,2,1
35dabcad5e6a,kmeans,2,1
ed0d710063d2,kmeans,2,1
d02d5af35ee5,kmeans,2,1
5d74a384e959,kmeans,2,1
920ee7edf4e7,kmeans,2,1
e0bac4d2bc1b,kmeans,2,1
030a8d528d8b,kmeans,2,1
a8eb9d33e165,kmeans,2,0
f212a4012447,kmeans,2,1
cba94fd13cf4,kmeans,2,1
755fea7b75a3,kmeans,2,1
f9d4c7acd6fb,kmeans,2,0
e04f916ef09c,kmeans,2,1
75c7b8884890,kmeans,2,1
37e5798727e9,kmeans,2,1
f0793f6e902f,kmeans,2,0
f9dd7c1b75f1,kmeans,2,1
b921d5bab57d,kmeans,2,1
f4a96069e693,kmeans,2,1
6583e0805e7c,kmeans,2,1
1cc57b2f24ec,kmeans,2,0
0682c2fb3f25,kmeans,2,0
707832701211,kmeans,2,1
189af765f7e2,kmeans,2,1
59d3bc8fb718,kmeans,2,0
8c42dfba7e2c,kmeans,2,1
2c5900b9d30f,kmeans,2,1
9a26b5a93ff9,kmeans,2,1
c035e0d909e8,kmeans,2,1
854d751c7f96,kmeans,2,1
914463eb1a00,kmeans,2,1
14d439f746d4,kmeans,2,0
a2899c841fc7,kmeans,2,0
c2d6ff5cf1ce,kmeans,2,0
def649d3f8fc,kmeans,2,0
4a124e1ed9ca,kmeans,2,0
13506064803d,kmeans,2,1
1ad7389aba39,kmeans,2,1
c195a47a1a41,kmeans,2,1
b0d2c4162458,kmeans,2,1
4a5c43f181e5,kmeans,2,0
db4e7a4fe438,kmeans,2,0
b6b00ee798f0,kmeans,2,1
cf0e8bf0f5d3,kmeans,2,1
4a9a8f6896ef,kmeans,2,1
9716ee35235b,kmeans,2,1
de5e71ae6d03,kmeans,2,1
8a821dac946e,kmeans,2,1
c70028c7277b,kmeans,2,1
26efa3d0f87a,kmeans,2,1
b886fc0d853b,kmeans,2,0
2a71b405b665,kmeans,2,1
a00e12064313,kmeans,2,1
b32d7d16ecbb,kmeans,2,1
081e4a1d2828,kmeans,2,1
aa8d7516e477,kmeans,2,1
052c072e5473,kmeans,2,1
e3253330e56d,kmeans,2,1
f7fc3b71059b,kmeans,2,1
feb6c4c582e9,kmeans,2,0
9009f5684dde,kmeans,2,1
c40d12166c3d,kmeans,2,1
2d18f2ccad0d,kmeans,2,0
8758b9112998,kmeans,2,1
e1e95c7bffb4,kmeans,2,1
4239d46569f8,kmeans,2,0
34de111120de,kmeans,2,0
69011e800eb9,kmeans,2,0
4c1d8b1f7199,kmeans,2,0
6e401f2a9523,kmeans,2,1
111dc9fb08c8,kmeans,2,1
c2a449f3aa13,kmeans,2,1
36c6d34d8540,kmeans,2,0
1b6159713abc,kmeans,2,1
c7845805e7e1,kmeans,2,1
f3b67e18ac18,kmeans,2,0
1b17a8828106,kmeans,2,1
08ec41654875,kmeans,2,0
b440c4bccc88,kmeans,2,1
558eaef5a93e,kmeans,2,0
dc8602ca96a0,kmeans,2,0
a1f2d43b3ade,kmeans,2,1
489b54849c63,kmeans,2,1
290f8ef1a2d9,kmeans,2,1
23b3ed0a4aee,kmeans,2,1
f28a7ad6b970,kmeans,2,1
17417f8c3d35,kmeans,2,1
854f70d2c56a,kmeans,2,0
40480270e732,kmeans,2,1
37c690a2d077,kmeans,2,0
1d1b84fded24,kmeans,2,1
cd77a9bd378c,kmeans,2,0
2359b8577e23,kmeans,2,0
de51f803685b,kmeans,2,1
2452513a82ac,kmeans,2,1
eb244f6fde7c,kmeans,2,1
b42de17b2962,kmeans,2,1
980aef90df6a,kmeans,2,1
f3ea08a5dd69,kmeans,2,1
08a8aef1efb7,kmeans,2,0
da867616af2c,kmeans,2,0
784c628c4979,kmeans,2,1
13ada8cd8137,kmeans,2,1
af122816ed12,kmeans,2,0
5769e8c88621,kmeans,2,0
ef49f606fbf3,kmeans,2,1
5f700545e946,kmeans,2,0
c7b13135d384,kmeans,2,0
e362532a133b,kmeans,2,1
e872024bb285,kmeans,2,0
e51400b733c7,kmeans,2,0
235d9079694f,kmeans,2,1
15dd161a1de6,kmeans,2,0
8c36f946fa39,kmeans,2,0
2dd7bc6bd0e0,kmeans,2,1
e0af9d46dd7f,kmeans,2,0
394682cbb820,kmeans,2,1
5ad67bdb9fc2,kmeans,2,1
a9e4c769b7fd,kmeans,2,1
24f77e2cd27d,kmeans,2,1
edc34b3a6c3d,kmeans,2,1
b0530887123f,kmeans,2,0
1d7d57f3c2b6,kmeans,2,1
79cf3ff76ed2,kmeans,2,1
677ae3988090,kmeans,2,1
066a09c56ae6,kmeans,2,0
1397d7954ce7,kmeans,2,0
6bcbd207f61e,kmeans,2,0
a34a1ea0035b,kmeans,2,1
5e051bff8b77,kmeans,2,0
ff821b733ed1,kmeans,2,0
656eeb676cdb,kmeans,2,1
0a0ca22c859d,kmeans,2,1
5d93ed99436d,kmeans,2,0
c3d41fcbbffc,kmeans,2,0
ffd4c9e91690,kmeans,2,0
093cf715379b,kmeans,2,1
e0fa6cd54e79,kmeans,2,0
4f969eb75ed1,kmeans,2,1
4fd5d6b84ab4,kmeans,2,1
8dea7f07dac4,kmeans,2,1
ceece08ec30c,kmeans,2,1
90810ea0ff9b,kmeans,2,1
d6015ccd6f2a,kmeans,2,1
edd0004b8711,kmeans,2,1
6b0f31498997,kmeans,2,1
ed191c6d086d,kmeans,2,1
16c4f9488097,kmeans,2,0
53f53181b923,kmeans,2,1
4a42f241a965,kmeans,2,0
753ea2ec3b76,kmeans,2,1
97a2a24cf1ac,kmeans,2,1
7a023b9a699a,kmeans,2,0
1d66aadb3087,kmeans,2,1
fe2ea62e970c,kmeans,2,1
bbb167581c9e,kmeans,2,1
5983d3bde094,kmeans,2,0
015e855f7412,kmeans,2,0
301dc5df9e1a,kmeans,2,1
1da6b3261366,kmeans,2,1
908350ab2caf,kmeans,2,1
0297326556d0,kmeans,2,1
5333c0ee2293,kmeans,2,1
f9ba126f7577,kmeans,2,0
c2a5e6736cf8,kmeans,2,1
713b74a9fb64,kmeans,2,0
7baeb45178c4,kmeans,2,0
498e8ec8d6fe,kmeans,2,1
2be57d9e9071,kmeans,2,0
989023c5016d,kmeans,2,1
f96245648e19,kmeans,2,1
9cf2a95b1d8a,kmeans,2,1
cc79a583ad2a,kmeans,2,0
f8986418ea55,kmeans,2,1
44b609a292c1,kmeans,2,0
71e0541594df,kmeans,2,0
d4379462da61,kmeans,2,1
3c264c30d42a,kmeans,2,1
860c24709bc5,kmeans,2,1
60edbfa3c029,kmeans,2,0
fd431d5d227d,kmeans,2,0
a7e5f85ff20f,kmeans,2,1
e03327b64281,kmeans,2,1
b38820b6c407,kmeans,2,1
f89cf3e19267,kmeans,2,0
824f5ede2834,kmeans,2,1
37e2b1e3c072,kmeans,2,1
632dae81c229,kmeans,2,0
f38740766c7d,kmeans,2,1
abb0333f1826,kmeans,2,1
9c9ff750e24a,kmeans,2,1
d10b02f13579,kmeans,2,1
495196c0b96c,kmeans,2,0
02dfbb012d54,kmeans,2,1
dc9fb4ec0eb8,kmeans,2,1
2036bee97859,kmeans,2,1
47dab789e252,kmeans,2,1
043fe1cc9b15,kmeans,2,1
9aa5612d579c,kmeans,2,0
aca22c0b754d,kmeans,2,1
d981137bec70,kmeans,2,1
be5921ef5796,kmeans,2,1
0a9f2b1eb270,kmeans,2,1
b967b59b1d65,kmeans,2,0
1d3f78ace976,kmeans,2,1
4cf9f2b22272,kmeans,2,1
51cb174c4c2d,kmeans,2,0
42ed376b70cc,kmeans,2,1
17b4c6ee6a7b,kmeans,2,1
a6dee822b480,kmeans,2,1
224e7eed53ee,kmeans,2,1
f800f8e797c7,kmeans,2,1
97397b5013e5,kmeans,2,0
c6c3f0825e9a,kmeans,2,0
2773677608f0,kmeans,2,0
1d56fc586747,kmeans,2,1
60032d08fe7c,kmeans,2,1
8d6c32d34649,kmeans,2,0
f8617dfffa84,kmeans,2,1
64c7531f1f28,kmeans,2,1
3600aca2e74c,kmeans,2,0
efe4ebc3ce0c,kmeans,2,1
2341c6362bff,kmeans,2,1
45a9b1f46732,kmeans,2,0
882516b12301,kmeans,2,1
d3c954c4b045,kmeans,2,0
ae768f372948,kmeans,2,1
2cf0963c0d6b,kmeans,2,1
9f82b111e936,kmeans,2,1
89ce38debe35,kmeans,2,0
d509ae409da0,kmeans,2,1
d32458ba0b75,kmeans,2,1
854b835c4459,kmeans,2,1
1e5ffa20908c,kmeans,2,1
09f0567f5e01,kmeans,2,0
bf21ab2e0c7f,kmeans,2,1
1f27f04d0ec1,kmeans,2,0
7deb0c02eec8,kmeans,2,1
53c1985940c4,kmeans,2,1
aa1545bb620d,kmeans,2,0
85f32c060421,kmeans,2,1
ee7649aebbd3,kmeans,2,1
e9db18905254,kmeans,2,1
00af3ae6283b,kmeans,2,1
0852198eb5db,kmeans,2,1
cd999108ca3b,kmeans,2,1
87e17719b591,kmeans,2,0
6960ed5d6de0,kmeans,2,1
64fc66aa07e7,kmeans,2,1
132138f5acbb,kmeans,2,1
19a6a0ffdb39,kmeans,2,0
a5cac1e1138f,kmeans,2,1
2b5dde0a9784,kmeans,2,1
b44615b20a99,kmeans,2,1
3f4c9f2c4d00,kmeans,2,1
e44df5b25229,kmeans,2,1
bc727066fa74,kmeans,2,1
a19a0c235ae8,kmeans,2,1
8279397a028d,kmeans,2,1
20e5542944b5,kmeans,2,1
6319e262c292,kmeans,2,1
2f7511715c88,kmeans,2,1
edb1133e9d75,kmeans,2,1
e42834bf99dd,kmeans,2,1
ecb70c401ba5,kmeans,2,1
844ab8bb2f7e,kmeans,2,0
49a4e62c97fe,kmeans,2,1
dd9821d69edf,kmeans,2,1
e4d9903e3097,kmeans,2,1
efc46803f73a,kmeans,2,1
dd38f7376880,kmeans,2,0
b1f21eaad4c0,kmeans,2,0
35de9401de64,kmeans,2,0
fb937ed3802e,kmeans,2,1
b262aed1217e,kmeans,2,1
6d8dc5c078a6,kmeans,2,1
38cee92b065f,kmeans,2,1
f6e6a8738f98,kmeans,2,1
3be50ddfe672,kmeans,2,0
155256bb1944,kmeans,2,1
ce300d82f677,kmeans,2,1
e955aa3c79c2,kmeans,2,1
ea9c1b2c025b,kmeans,2,1
29761c512843,kmeans,2,0
278690b4176c,kmeans,2,1
d32394928f18,kmeans,2,1
b99446564f14,kmeans,2,1
f6251d7d74f2,kmeans,2,1
343c84605d84,kmeans,2,1
a369ea8f8860,kmeans,2,1
77c18a818920,kmeans,2,1
055cef6b7562,kmeans,2,1
784e244ec319,kmeans,2,0
e6be938322d5,kmeans,2,1
acf33d393ade,kmeans,2,1
bc68824d6652,kmeans,2,1
f3573a48597f,kmeans,2,0
c05727b8d1bf,kmeans,2,1
313d553c7d7e,kmeans,2,1
2651bad92999,kmeans,2,1
be82d43f76b5,kmeans,2,1
0d0aa1a4cef1,kmeans,2,1
e7c9bd1c65ff,kmeans,2,0
a691f167bcd1,kmeans,2,0
60de46492870,kmeans,2,1
870ce6ff6bec,kmeans,2,0
a96994f10702,kmeans,2,1
aef421a03f0a,kmeans,2,0
11d80d469291,kmeans,2,1
c847041698b0,kmeans,2,1
cfd55ee04865,kmeans,2,1
74e5810062f7,kmeans,2,0
e3c61ba2348c,kmeans,2,0
538d36019bf8,kmeans,2,1
ce05c748454f,kmeans,2,1
bfe2b6d573f7,kmeans,2,0
d209b182fc10,kmeans,2,0
5e0e23d339d8,kmeans,2,1
2a7646037a29,kmeans,2,1
21d5bb7d6347,kmeans,2,1
0a6cc340abad,kmeans,2,1
4fb2bee931b5,kmeans,2,0
f224068222f7,kmeans,2,1
04c86e861dc1,kmeans,2,1
5e779c615732,kmeans,2,0
7cd883d65b06,kmeans,2,1
b38c8408d846,kmeans,2,0
75e758c2a32f,kmeans,2,1
ecb4a05554a0,kmeans,2,0
7d701e7dd42e,kmeans,2,1
d5310b2ac190,kmeans,2,1
8f0c0fcea9e9,kmeans,2,1
5ff909819ad2,kmeans,2,0
3b1fc460c2b7,kmeans,2,0
271012fe0911,kmeans,2,1
94f376ab2363,kmeans,2,1
14ddba24e653,kmeans,2,1
731ed25df393,kmeans,2,1
c0f4ea8d3262,kmeans,2,0
c10b7ed034ec,kmeans,2,1
55c683136817,kmeans,2,1
9fb024e9a9cd,kmeans,2,1
e3c5bb2be32b,kmeans,2,1
ac960e11925a,kmeans,2,1
5d3a9ab3cadd,kmeans,2,1
8de4ac5ba199,kmeans,2,0
3303e6ac1454,kmeans,2,1
bd4d77b820c6,kmeans,2,1
164ea748b2c2,kmeans,2,1
ced9a2f50e6a,kmeans,2,1
a3c99e45d0e2,kmeans,2,1
54ca63b8d226,kmeans,2,1
932635948923,kmeans,2,0
b2d86452adc2,kmeans,2,0
9990b3a98e69,kmeans,2,1
60bff3fb7b25,kmeans,2,1
45f100216947,kmeans,2,1
977cf245ae54,kmeans,2,0
426b98137bcd,kmeans,2,1
5d15feff4d5e,kmeans,2,1
d686cc911636,kmeans,2,0
b493160c1a22,kmeans,2,0
864da380b8da,kmeans,2,1
83e807d083f2,kmeans,2,1
7193b0fe6e86,kmeans,2,0
8d9047d9e23a,kmeans,2,1
fe51502093fd,kmeans,2,1
ed3f17db3b69,kmeans,2,0
6ee919e97fed,kmeans,2,0
4af4101a4ed2,kmeans,2,0
aa982feba760,kmeans,2,0
016a4a0f0d92,kmeans,2,0
91bf2483dec9,kmeans,2,1
3c205a60d068,kmeans,2,1
c57b8d91f032,kmeans,2,1
d6a5c98da0e8,kmeans,2,1
0115f8a3d576,kmeans,2,0
406c54681c86,kmeans,2,1
f0d8bf6f24bf,kmeans,2,0
c49746e3b12e,kmeans,2,1
9893b542403c,kmeans,2,1
26d12e3ebd1e,kmeans,2,1
1503878c7bc0,kmeans,2,1
163b76297c77,kmeans,2,1
600dad4df0ca,kmeans,2,1
2d8f2252855c,kmeans,2,0
87b105ed70c6,kmeans,2,1
616f82abb2cc,kmeans,2,1
cc41551e4363,kmeans,2,1
ad813e3739b0,kmeans,2,0
d078ba8c5f9a,kmeans,2,1
26daaa521a0b,kmeans,2,1
59635aff0e13,kmeans,2,1
2ec0cb313dcf,kmeans,2,1
f23337d9a46f,kmeans,2,1
e33d9aec3f9b,kmeans,2,1
799c5c35fccb,kmeans,2,1
8d5c7356c7ae,kmeans,2,1
a2a7394dd0b2,kmeans,2,0
0635a5b43e92,kmeans,2,1
2ca4a95a05a2,kmeans,2,1
207c62cb8140,kmeans,2,1
adf5bd6fa3c7,kmeans,2,1
52541210555c,kmeans,2,1
d2191bad412b,kmeans,2,1
7d27ee19b524,kmeans,2,1
698a5a0b0180,kmeans,2,0
596030fef93e,kmeans,2,1
492a0f0f8c54,kmeans,2,0
ae7a94e69d1d,kmeans,2,1
bdf0b223fc53,kmeans,2,1
e5470cfabfc3,kmeans,2,1
d05a94edf752,kmeans,2,1
d29e7f55b9a6,kmeans,2,1
9da6e684fed0,kmeans,2,0
febfedbf32a7,kmeans,2,0
8faedede5298,kmeans,2,1
75900d8cc2dd,kmeans,2,0
77912914b944,kmeans,2,0
4c849d376332,kmeans,2,0
02575ba6c980,kmeans,2,1
86ed033dff57,kmeans,2,1
e19ae96731b6,kmeans,2,1
5d9fd5f438aa,kmeans,2,1
27cab63f49f9,kmeans,2,1
3a2768d8fbe3,kmeans,2,1
8aec44220e63,kmeans,2,0
b9939ab84aab,kmeans,2,1
435754b2a097,kmeans,2,1
45ee47db0b36,kmeans,2,1
0482496b2f92,kmeans,2,1
8e14085ada58,kmeans,2,1
7db9bbbeb2c8,kmeans,2,1
670ca52a24c4,kmeans,2,0
ce1d79ec7247,kmeans,2,0
43cd60313665,kmeans,2,1
341ef0c2da76,kmeans,2,0
bd56d83d073c,kmeans,2,1
0103fe0f628f,kmeans,2,1
70b54322c382,kmeans,2,0
45be29dd302f,kmeans,2,1
5f1c089c5b18,kmeans,2,1
845c36347272,kmeans,2,1
1bee2afb3557,kmeans,2,1
58794f5c0252,kmeans,2,1
412d86362096,kmeans,2,1
b62bc155602d,kmeans,2,1
e29e547d02fa,kmeans,2,1
35cb1431e768,kmeans,2,1
a82ee19220b5,kmeans,2,1
8fd21eb5464c,kmeans,2,0
f9121e1f62e5,kmeans,2,1
c8fe42b2921b,kmeans,2,1
dad5a56973b0,kmeans,2,0
f68a2f6ff9a0,kmeans,2,0
54ad2624ad8d,kmeans,2,1
e1152ff3283b,kmeans,2,1
f0d2e5c8c897,kmeans,2,1
5ae5aeb06988,kmeans,2,1
c52b4fa97083,kmeans,2,1
8dbc7b583363,kmeans,2,1
f30b0835ba2f,kmeans,2,1
a02ec2c24943,kmeans,2,1
fe71a98ef10d,kmeans,2,0
5bdded78b387,kmeans,2,1
ab3987df782e,kmeans,2,1
15c63a8cff93,kmeans,2,1
796ae60079e2,kmeans,2,1
ae094633ca15,kmeans,2,1
2089b2990667,kmeans,2,1
3b8ff0c4f402,kmeans,2,1
b86c389c5deb,kmeans,2,0
4b19af42cef6,kmeans,2,0
2b236ff323e0,kmeans,2,0
f1f9c8edf6fb,kmeans,2,1
5eb77d95369c,kmeans,2,1
27475de623ca,kmeans,2,1
4ca9c8b36369,kmeans,2,0
502150e46893,kmeans,2,1
050c978f7aa5,kmeans,2,1
195938573d5b,kmeans,2,1
04e55973c1c7,kmeans,2,1
15ff204a31fd,kmeans,2,1
c30df82bc273,kmeans,2,1
2c4faeae7f20,kmeans,2,0
8701386a8ecb,kmeans,2,1
daf3d8b1220c,kmeans,2,1
3d7ef3da9ecb,kmeans,2,0
bc642c031ee7,kmeans,2,0
68d79b53f463,kmeans,2,1
aa8d988e0704,kmeans,2,1
fb5226784277,kmeans,2,0
730e693b3e59,kmeans,2,1
8ba05599e31e,kmeans,2,0
40ace406bbd5,kmeans,2,1
02fb600d1d3b,kmeans,2,1
f27a5c108454,kmeans,2,1
2ecaa0278867,kmeans,2,1
2777cd9cb06d,kmeans,2,1
9b5cf58da426,kmeans,2,0
f71a04a0a3f7,kmeans,2,1
ca74fd8ebbba,kmeans,2,1
b39c5ed8fba2,kmeans,2,0
0bbeab764f8a,kmeans,2,0
1c8aaa2555d7,kmeans,2,0
c8b87d4f303b,kmeans,2,1
42adb05f4c19,kmeans,2,1
7a7b7824babf,kmeans,2,1
299676d4cba9,kmeans,2,1
a57fb5f9eb38,kmeans,2,1
567c41667649,kmeans,2,1
b05dcb7ded9d,kmeans,2,1
74f9c2d8bf59,kmeans,2,0
5a654343818a,kmeans,2,0
1b4f042993c4,kmeans,2,1
3d7f611a2afe,kmeans,2,0
fa52108241f1,kmeans,2,0
96ded29b2784,kmeans,2,0
46cd31f478d8,kmeans,2,1
b004e6282254,kmeans,2,0
bd94adadec86,kmeans,2,0
3c2d67622f17,kmeans,2,1
27b19b361fda,kmeans,2,0
07d1b7fc0cc7,kmeans,2,1
9685c0135dbd,kmeans,2,1
ffe7558877c3,kmeans,2,1
3200edf45e15,kmeans,2,0
b8a11614090a,kmeans,2,1
12a59ce5302f,kmeans,2,1
24551794971c,kmeans,2,1
1d9ba6933780,kmeans,2,1
26a3a5466b17,kmeans,2,1
36c529042fbc,kmeans,2,1
df7c9d3d3ecb,kmeans,2,1
755c6850dcd3,kmeans,2,0
9ca67a24e647,kmeans,2,0
8d481d463b81,kmeans,2,1
1b6449ad4332,kmeans,2,0
698ffcfd5c17,kmeans,2,0
3b49fdc1c57e,kmeans,2,1
a2895c2ee0c7,kmeans,2,1
367fda42cf50,kmeans,2,1
7caf1cebc3d2,kmeans,2,1
8881abe07db8,kmeans,2,1
ef194ce33be2,kmeans,2,1
709f9cbe285b,kmeans,2,1
5c7020274acb,kmeans,2,1
6c209161d059,kmeans,2,1
bb17da2c8071,kmeans,2,0
f67c7a7ea59b,kmeans,2,1
2ab513bae6d4,kmeans,2,0
0ef8cb7d5d52,kmeans,2,0
915c7c5eecee,kmeans,2,0
0dd65f844067,kmeans,2,1
90415aa5d0ee,kmeans,2,1
da69342492e2,kmeans,2,1
430a1fe6cc1f,kmeans,2,1
779f44957904,kmeans,2,0
410c5ac01a71,kmeans,2,1
fc4c59195af2,kmeans,2,1
362fa8cb91cb,kmeans,2,1
3f505524532b,kmeans,2,1
fc5ee75f0aab,kmeans,2,1
ece035c0486e,kmeans,2,1
1cc4ea7b0ee0,kmeans,2,0
c20c5a39f782,kmeans,2,1
11fe0bb5bb95,kmeans,2,1
804bcbd361e3,kmeans,2,1
68a892c595f5,kmeans,2,1
0c4f77064093,kmeans,2,0
fb7863989cbd,kmeans,2,0
b7f05ed150b5,kmeans,2,1
4daf4e9aeca8,kmeans,2,1
b5c571ab3a9c,kmeans,2,0
abda5f691cba,kmeans,2,0
75fd0b80ffd0,kmeans,2,1
037e4717b544,kmeans,2,1
d5196c54fae6,kmeans,2,0
7c5b2c3f4cdb,kmeans,2,1
e775c3dd78d6,kmeans,2,1
003c91fead41,kmeans,2,1
914df0b2f084,kmeans,2,0
c8422346a1c3,kmeans,2,1
8c2cbd4500c3,kmeans,2,0
a26577b601f2,kmeans,2,1
afcd6d236398,kmeans,2,1
021b26c5c033,kmeans,2,0
d0088820131f,kmeans,2,1
e9be1c5d317f,kmeans,2,1
94028e3486fe,kmeans,2,0
d2bfb03c0e1a,kmeans,2,1
3f8b39a0a392,kmeans,2,1
888d2cec4116,kmeans,2,0
382efa06f70b,kmeans,2,1
28d8711a56f8,kmeans,2,1
ed064c45b676,kmeans,2,1
6d3351835cfd,kmeans,2,1
5ac8104496cc,kmeans,2,1
d0e063bfa731,kmeans,2,1
26b1d8bc81d9,kmeans,2,1
e950688a1bee,kmeans,2,1
0a12aebfa66c,kmeans,2,1
8aa8effa78f4,kmeans,2,1
9ae09d31529b,kmeans,2,1
0b165217635b,kmeans,2,1
05767ae2aeae,kmeans,2,1
b5c86d80487d,kmeans,2,1
2fb9cef7459f,kmeans,2,0
de053f490972,kmeans,2,1
cc6e5cf840b8,kmeans,2,1
235718419a94,kmeans,2,1
cd40342c1d7d,kmeans,2,1
45e40c413abf,kmeans,2,1
c88b7cbaab96,kmeans,2,0
7ad9a1a05ead,kmeans,2,1
6ac9288c0439,kmeans,2,1
c5106e6951de,kmeans,2,1
f27c8424b745,kmeans,2,1
75e92e2eda3d,kmeans,2,0
f503486957f3,kmeans,2,1
ee43f290d625,kmeans,2,0
a7daf6eb16b1,kmeans,2,1
d868ad6d18ee,kmeans,2,0
1e47fc4c3f73,kmeans,2,1
20146cc40856,kmeans,2,1
2f705acf7500,kmeans,2,1
1ab2cd01bcb5,kmeans,2,0
ecd24d3f1403,kmeans,2,1
34c2d94da700,kmeans,2,1
b4bf86e03d9d,kmeans,2,1
693bdc5482b2,kmeans,2,1
65cb2dd6fa98,kmeans,2,1
ae43b8766052,kmeans,2,0
61565249aeab,kmeans,2,0
ab5513e96b2b,kmeans,2,1
8a0268f51447,kmeans,2,0
beac7e884b18,kmeans,2,0
918bec003a5a,kmeans,2,1
bb7768d6748c,kmeans,2,1
0ba969ac9961,kmeans,2,1
623d3192d46f,kmeans,2,0
cf521863dd22,kmeans,2,0
9b6d37e31710,kmeans,2,1
9a8af4347353,kmeans,2,1
dafeccf053a1,kmeans,2,1
e6fb7d3f8110,kmeans,2,0
779cf618a90b,kmeans,2,1
b734b9ae2532,kmeans,2,1
503f77772dc9,kmeans,2,0
26a0c6e0891f,kmeans,2,1
6df2e1505715,kmeans,2,0
6733fbd31501,kmeans,2,1
9c0a2ddca15c,kmeans,2,0
2241c1d06ac1,kmeans,2,1
82f1d36fe1f8,kmeans,2,1
6e9ece07d046,kmeans,2,1
b58ebe74a5fe,kmeans,2,1
7c4faec0f1ae,kmeans,2,1
635cee745389,kmeans,2,0
d2dc6c524acf,kmeans,2,1
415ed833d65f,kmeans,2,0
74792b1f8eb1,kmeans,2,1
a5df96189195,kmeans,2,1
13077d51672c,kmeans,2,1
8a2fea65c9f5,kmeans,2,0
435cfc776601,kmeans,2,0
e5e5836c1d09,kmeans,2,1
6604b4c4d1c0,kmeans,2,0
d9e27533bbe0,kmeans,2,1
a84b99e202c0,kmeans,2,0
4a542fbcb412,kmeans,2,1
b8294716a840,kmeans,2,0
5c3b7f17cb78,kmeans,2,0
2cc08f5e354b,kmeans,2,0
265c1bde8e16,kmeans,2,1
06fb8436d211,kmeans,2,1
94d5dfbb39b0,kmeans,2,1
11bbc26a8ae5,kmeans,2,0
e7dd07f0fcb7,kmeans,2,1
5fd4027fdbfc,kmeans,2,1
9ce01b926a20,kmeans,2,0
c25195951c34,kmeans,2,0
1dff9e0bf6d9,kmeans,2,1
1a10173459b2,kmeans,2,0
df07b45aef40,kmeans,2,1
acfa78c8f6a8,kmeans,2,1
681a0fb72dbe,kmeans,2,1
4daaff78b1ee,kmeans,2,1
97b2a63f0dba,kmeans,2,1
6533b64edc25,kmeans,2,1
a1e4a44d6fad,kmeans,2,1
a31cf338e318,kmeans,2,1
25b8e545a9ce,kmeans,2,0
4fad09c49037,kmeans,2,1
4849132fbf50,kmeans,2,0
93b5a7ad7841,kmeans,2,0
55aaf516ab86,kmeans,2,0
17ad1f0ec22c,kmeans,2,1
de336e22401e,kmeans,2,1
f39282acf863,kmeans,2,0
b9b3ee196186,kmeans,2,1
ebc9a8bf1178,kmeans,2,0
1df2b539f6ad,kmeans,2,0
4112fdbe26dc,kmeans,2,1
705bcdef1b7b,kmeans,2,1
56cc12af0086,kmeans,2,1
829200b4ab94,kmeans,2,1
8213ed529268,kmeans,2,1
f0ad80152398,kmeans,2,1
520635a7564c,kmeans,2,1
1aee30272d15,kmeans,2,1
4cbe4f0cd5a1,kmeans,2,0
68a8c9b61b17,kmeans,2,1
01e2024418af,kmeans,2,1
d746a23dc601,kmeans,2,1
9a4ec2498fe7,kmeans,2,0
51bd1e2c64ac,kmeans,2,0
542ba520d2d4,kmeans,2,1
01342793a57c,kmeans,2,1
502fc2255295,kmeans,2,1
46bae806fc34,kmeans,2,0
43ce84ea28c2,kmeans,2,1
d6539915be23,kmeans,2,0
3f5799c0ac5d,kmeans,2,0
d168f1e0983b,kmeans,2,1
27f56592126b,kmeans,2,1
5eb0d57e5ebf,kmeans,2,0
59782fa6a28a,kmeans,2,1
89ac25141742,kmeans,2,1
69a10a57c25c,kmeans,2,1
0ace4e865f56,kmeans,2,1
1b7a8e3dbba2,kmeans,2,1
6ca433da2afd,kmeans,2,0
722371fc7f84,kmeans,2,1
51c42b2ae938,kmeans,2,1
ab3b0016d63b,kmeans,2,1
97312029e58a,kmeans,2,1
82fb43ac175a,kmeans,2,0
e7d9b39c83a7,kmeans,2,1
7aaabd2325c6,kmeans,2,1
90fae3cb2b63,kmeans,2,0
691e8e23f63c,kmeans,2,1
6cd49f0a7b70,kmeans,2,0
6645a4dfbd91,kmeans,2,1
1f07fe3e9244,kmeans,2,1
4d7ce84e9401,kmeans,2,1
7a07ae29f537,kmeans,2,1
36bf2a4f6132,kmeans,2,0
5962a065f6c5,kmeans,2,1
d955684efcf0,kmeans,2,1
f5af496d2b1d,kmeans,2,1
6d911ca91be6,kmeans,2,1
eebb0a2e6137,kmeans,2,0
de7aacc73537,kmeans,2,1
68776187c8ba,kmeans,2,1
3d3d454f51ab,kmeans,2,0
7c462204416f,kmeans,2,1
b05ca82d6cb1,kmeans,2,1
789c40faa0f7,kmeans,2,1
50b936b435a9,kmeans,2,1
c76ab10af3f5,kmeans,2,1
c987682a0c89,kmeans,2,1
978c7f2d68d9,kmeans,2,0
d26da039e50f,kmeans,2,1
e1463360b90d,kmeans,2,1
b573f5830e30,kmeans,2,1
d55933797b56,kmeans,2,0
f4c27812dc45,kmeans,2,0
9f0bf9ecd1ae,kmeans,2,1
8bf397a6ba8b,kmeans,2,1
158d9b3ea070,kmeans,2,1
7f8742e67e56,kmeans,2,1
595b82ccbb1c,kmeans,2,1
b1dc6eebbe38,kmeans,2,1
57979b6c7892,kmeans,2,1
06e0e7787e5f,kmeans,2,1
08e41c8d8d44,kmeans,2,1
a93ea6176c1a,kmeans,2,0
ee7044cb65ad,kmeans,2,0
77c5e38faadb,kmeans,2,1
2b3a523fb89b,kmeans,2,1
e301bc67ad78,kmeans,2,1
6bb78072c4d9,kmeans,2,1
501b8492e03a,kmeans,2,0
1eb3465ab20a,kmeans,2,0
da02afbd72f3,kmeans,2,1
12bda18c4ad5,kmeans,2,1
d0b9d4ff24d9,kmeans,2,0
904905eec60a,kmeans,2,1
2671b7598993,kmeans,2,1
606b6d4b931e,kmeans,2,0
2be2bb6dbb5f,kmeans,2,1
5873a9630cd9,kmeans,2,0
a88511f918eb,kmeans,2,0
68b6fd698529,kmeans,2,1
603c48d74afe,kmeans,2,1
a224f1cb8d3f,kmeans,2,1
677514850e7f,kmeans,2,1
fe06eb51f762,kmeans,2,1
4be9a9b75c86,kmeans,2,1
40bfc3690b70,kmeans,2,0
4e6c545cab48,kmeans,2,0
bfc6ad384ba5,kmeans,2,0
2189583113e5,kmeans,2,1
aae5f01389df,kmeans,2,1
2da3434441cc,kmeans,2,1
357067b1b2c9,kmeans,2,1
17466f04cc2a,kmeans,2,1
87a671dadd79,kmeans,2,0
8708896efdc0,kmeans,2,1
99b858319551,kmeans,2,0
74a79ea42b6f,kmeans,2,0
acc4253dbc82,kmeans,2,1
11002e95926d,kmeans,2,1
2c518d19f9fd,kmeans,2,1
610c4089f89a,kmeans,2,0
4051e0f5970a,kmeans,2,1
01e134d0b885,kmeans,2,1
55ed34c0229c,kmeans,2,1
f8a841bd35cd,kmeans,2,0
658178b67bf3,kmeans,2,1
406a6bc15562,kmeans,2,1
d6d8a0d737e8,kmeans,2,1
25792c5da171,kmeans,2,1
a8a057bb0be7,kmeans,2,1
0215514bda3e,kmeans,2,1
cddf3406926c,kmeans,2,1
36fcdd838e85,kmeans,2,0
f9d64c6427e3,kmeans,2,0
365f506721a1,kmeans,2,1
6ba29906b135,kmeans,2,1
4d025bade328,kmeans,2,0
35773831bd9f,kmeans,2,0
89cc417dcd98,kmeans,2,1
bcf249ffa024,kmeans,2,0
b44a68ea9070,kmeans,2,1
90d576829ebe,kmeans,2,1
f04917c1cfe1,kmeans,2,1
529df30f6ff3,kmeans,2,1
b83a095428ec,kmeans,2,0
f46b31d53324,kmeans,2,1
e9b7a882f353,kmeans,2,0
4603192a4486,kmeans,2,1
ef6d6cfa2a6e,kmeans,2,1
a98622a0b9b5,kmeans,2,0
3f4acfe86aa1,kmeans,2,1
99903eba6199,kmeans,2,0
5bfa8b11cec9,kmeans,2,0
7a6b07697541,kmeans,2,0
ad3b6f16d17d,kmeans,2,1
909db8d51dc1,kmeans,2,1
590bb88150ba,kmeans,2,0
8510bd06628a,kmeans,2,1
3c0ca844ef5d,kmeans,2,1
63d119a9ae77,kmeans,2,0
5b676e170a58,kmeans,2,1
7809d11ff6e3,kmeans,2,1
a7ae76c0d2a6,kmeans,2,1
397213358827,kmeans,2,1
6e64a48355b2,kmeans,2,1
9dfc7e3049ba,kmeans,2,1
32782ba99dc7,kmeans,2,1
15f02082e0d7,kmeans,2,0
514370cf094b,kmeans,2,1
f71119d6f424,kmeans,2,1
e063e9818f04,kmeans,2,0
ade7b83b1363,kmeans,2,1
b5afb85b6058,kmeans,2,1
2d8cfed8598c,kmeans,2,1
fc908d195462,kmeans,2,0
93893467e75f,kmeans,2,1
3c0084c2bc33,kmeans,2,0
008bae3e7743,kmeans,2,1
98f8d1bcd007,kmeans,2,1
ef51a4e956a2,kmeans,2,1
ceeda54e1b5b,kmeans,2,1
db325728428d,kmeans,2,1
7940ffccef4f,kmeans,2,1
1b3093aaab2f,kmeans,2,0
f85673083386,kmeans,2,1
e1afef6e77b1,kmeans,2,1
5e76d6e5dbbb,kmeans,2,0
405d821da3f4,kmeans,2,0
effd6785c22a,kmeans,2,0
5208ebcbfdaf,kmeans,2,1
3394a59f3871,kmeans,2,1
3242ceea2b6d,kmeans,2,1
35253168c9ba,kmeans,2,0
598c0d226bec,kmeans,2,1
5e052ac91c7f,kmeans,2,1
2969d917aee0,kmeans,2,1
0096be25b40a,kmeans,2,1
5a9fe3123268,kmeans,2,1
d5d5f72b0659,kmeans,2,1
45c7180b8a89,kmeans,2,1
e8538cb92ff8,kmeans,2,1
55962ea5863f,kmeans,2,1
af63c4ead3ab,kmeans,2,0
6a436ef76f42,kmeans,2,1
e66bbc0d3afc,kmeans,2,0
319ad9b2cf45,kmeans,2,0
706c34d4c150,kmeans,2,1
e09fb43fcfde,kmeans,2,1
4860a7c338da,kmeans,2,1
dcb4d3eca08b,kmeans,2,0
e30de7aff842,kmeans,2,1
aa0519f48bfd,kmeans,2,1
8bae5cbe12c2,kmeans,2,1
b8a22dd54838,kmeans,2,1
a02bf4d776da,kmeans,2,1
744d812928f2,kmeans,2,0
5e413b312a4a,kmeans,2,0
7bf5cb69bf52,kmeans,2,1
a87a8ae903d8,kmeans,2,1
80cf2e3fb6b9,kmeans,2,0
2685e48e877e,kmeans,2,1
ccaf0e89b92d,kmeans,2,1
27a7f07ef806,kmeans,2,0
bebf8040b09b,kmeans,2,1
980cf7e1c461,kmeans,2,0
bcd097d21189,kmeans,2,1
a7a6e3eb56e7,kmeans,2,1
cf4bb1da7185,kmeans,2,0
9ad50b703b4c,kmeans,2,1
c040dc586452,kmeans,2,0
3effcaa210cf,kmeans,2,1
35110d6e897b,kmeans,2,1
f83b87ee8c8a,kmeans,2,1
fca6b2f0c2e1,kmeans,2,1
52d49d445b7a,kmeans,2,1
76d0ace7fd0f,kmeans,2,1
df143143bb71,kmeans,2,1
b68ba710dc68,kmeans,2,1
0e1abd4eb214,kmeans,2,1
1ecea9e46402,kmeans,2,1
1f76b9796e65,kmeans,2,1
b6796363a898,kmeans,2,1
2d0998b3c5fc,kmeans,2,1
6522e5ba2b3f,kmeans,2,0
3d863afd983a,kmeans,2,1
9b9a18717f99,kmeans,2,1
0a14643f8d90,kmeans,2,1
177ee6b3fdfa,kmeans,2,1
904d8b960b74,kmeans,2,1
0b5cec9b5751,kmeans,2,0
1889525093d1,kmeans,2,1
233b960a1961,kmeans,2,0
d765fcf9098b,kmeans,2,0
2c453fa4185a,kmeans,2,0
e7809196cc28,kmeans,2,0
0fabf70100f2,kmeans,2,1
3574b180b36d,kmeans,2,1
ea6071a5454f,kmeans,2,1
e6a918c3b507,kmeans,2,1
acd00ac824ed,kmeans,2,1
764be62be920,kmeans,2,1
ffca415627da,kmeans,2,1
61122b0514ba,kmeans,2,1
342ef03206a3,kmeans,2,1
49eea7f9fdb8,kmeans,2,0
9fd56954127c,kmeans,2,1
f6696e6d2e63,kmeans,2,1
b9bcf41a7338,kmeans,2,0
bb85e31eaae0,kmeans,2,1
43ace8759dbd,kmeans,2,0
1d05fd8982e9,kmeans,2,1
30ac16eb1f65,kmeans,2,1
ba11f8e8c376,kmeans,2,1
6d4f6dd0facc,kmeans,2,1
347c4e3e6233,kmeans,2,1
1984c7c371ac,kmeans,2,1
719a9e51357d,kmeans,2,1
78a5b9abfdf9,kmeans,2,0
b075d5f984ae,kmeans,2,1
471abc5be5ba,kmeans,2,1
a55ed16576bd,kmeans,2,1
1c2aa17589fd,kmeans,2,0
b6f586e15fc0,kmeans,2,0
f0409f58b9a1,kmeans,2,0
389890afe30b,kmeans,2,1
3f556ddf0ac3,kmeans,2,1
7809098aec21,kmeans,2,1
92b1d2a9b4ca,kmeans,2,1
989272e48a84,kmeans,2,1
840844dd0afa,kmeans,2,1
aabba8c4f44c,kmeans,2,1
0f124fa93f6f,kmeans,2,0
37e3d4b81393,kmeans,2,0
e56e75ca4d29,kmeans,2,1
b255670e63f0,kmeans,2,1
4c956ebb270a,kmeans,2,1
8cd8f03b3b76,kmeans,2,1
6fa1a0e70cf3,kmeans,2,0
c8ffe2ff33be,kmeans,2,0
24e8903e3937,kmeans,2,1
f87ee24cced5,kmeans,2,0
175197b85f07,kmeans,2,0
f420f6f8e3e9,kmeans,2,1
8aff0b2e417d,kmeans,2,0
21a10de31382,kmeans,2,1
59bc02a55e17,kmeans,2,0
16cd0921dab2,kmeans,2,0
e3a0715aca97,kmeans,2,1
d0c29e417818,kmeans,2,0
641a8fafd408,kmeans,2,0
49b273e130f7,kmeans,2,1
cabefb62050a,kmeans,2,1
dec4451ac283,kmeans,2,1
88534b3a970b,kmeans,2,1
9d57808c377b,kmeans,2,1
4a3a6b2f3599,kmeans,2,1
669353f8cfe2,kmeans,2,1
b2e27bcd3631,kmeans,2,1
22f32c98c814,kmeans,2,0
fd0f41e3f486,kmeans,2,1
f525b6248746,kmeans,2,1
542d95c3420c,kmeans,2,1
a123364dd912,kmeans,2,1
b51cdf8c33a5,kmeans,2,1
28cdf091a56f,kmeans,2,1
da439552c667,kmeans,2,1
93b72c304c4f,kmeans,2,1
bfb524429703,kmeans,2,1
5873d429b5d1,kmeans,2,0
f35f44894dc7,kmeans,2,1
28896ec10fef,kmeans,2,0
a3c1ffc80582,kmeans,2,1
71aadca9a1f9,kmeans,2,1
083916fce396,kmeans,2,0
5d0feb2b95e8,kmeans,2,0
10a70ff7cd96,kmeans,2,1
422ef22ae34b,kmeans,2,0
d0454d7a7ad0,kmeans,2,1
85ad96acad9e,kmeans,2,1
38ccebd70ed0,kmeans,2,0
556c009b3ad1,kmeans,2,0
4d5ca6810248,kmeans,2,1
2b6ee8647b13,kmeans,2,1
913be26623af,kmeans,2,1
0c6c5fad0d0b,kmeans,2,0
5e481646a06c,kmeans,2,0
b6beec7592ba,kmeans,2,0
429c5f41a29d,kmeans,2,1
77c9ef9318de,kmeans,2,1
7c8ae8f5dde6,kmeans,2,1
319b7afc614d,kmeans,2,1
42977a2e2aa2,kmeans,2,1
6fe68f9d14eb,kmeans,2,1
6060f43dc008,kmeans,2,1
02ed7a716999,kmeans,2,0
be8a20851a34,kmeans,2,1
da2423b00cc2,kmeans,2,0
dae85393c6bf,kmeans,2,1
6c64d3594b2f,kmeans,2,0
287f8535bf7b,kmeans,2,1
cfdbf4934ead,kmeans,2,1
0ac16ba94eb4,kmeans,2,0
a22c77279555,kmeans,2,0
87607d05000e,kmeans,2,0
0cee85116a1e,kmeans,2,1
c4ac9f1c7cdd,kmeans,2,0
6ddeea366a2c,kmeans,2,1
5fdbfc847ecc,kmeans,2,0
aa1f2568fa3a,kmeans,2,1
657014435d6d,kmeans,2,1
f1137d2c2d3b,kmeans,2,1
49ab5b7cc3c6,kmeans,2,1
d7d03e129816,kmeans,2,1
1cc20d2289fb,kmeans,2,1
6ac133213139,kmeans,2,1
47ad12713a94,kmeans,2,0
167d24a35e17,kmeans,2,1
235a48b8c017,kmeans,2,1
95a8fff11cfd,kmeans,2,1
77373a6e718a,kmeans,2,0
061092498bb6,kmeans,2,1
c0e13174d425,kmeans,2,1
6be0519abc97,kmeans,2,1
0ee80f141ba8,kmeans,2,0
75404aa12fd8,kmeans,2,1
1711832250f2,kmeans,2,1
625c9d38b08d,kmeans,2,1
50a4613e4876,kmeans,2,1
4dfc6ab6dda5,kmeans,2,0
c15ef2d5a9c0,kmeans,2,1
8072cddaca3f,kmeans,2,1
a48e49b7644d,kmeans,2,1
a36044a3f4c4,kmeans,2,1
9b5b77e19dd0,kmeans,2,0
a3ab36dd727e,kmeans,2,1
94bb3f4d0a82,kmeans,2,1
413ec78a56b2,kmeans,2,0
b6550c7aff7a,kmeans,2,0
773eea8792e4,kmeans,2,1
7a4e0eb8c32f,kmeans,2,1
798c2fcc2ab4,kmeans,2,1
f1c6e8bf0742,kmeans,2,1
0cf4692017e3,kmeans,2,0
530b695102db,kmeans,2,1
2d1cddc41183,kmeans,2,0
e196d996b179,kmeans,2,1
431640b40bde,kmeans,2,1
c9c9f1d47e77,kmeans,2,1
2aff114d9f52,kmeans,2,1
effd169189e2,kmeans,2,0
9dcbb83d63cd,kmeans,2,1
d645f5dc9ebd,kmeans,2,0
a4e1d9bf2ada,kmeans,2,1
967983ad37da,kmeans,2,1
bfc18129008b,kmeans,2,0
6e6eab40deec,kmeans,2,1
588605308533,kmeans,2,1
b19e7ad79c06,kmeans,2,1
c1f28a766459,kmeans,2,0
89446801d542,kmeans,2,1
fecbeea9da18,kmeans,2,1
ccf098a8e364,kmeans,2,1
3953f31006f7,kmeans,2,1
554ec9af79a3,kmeans,2,0
f085bb7373db,kmeans,2,0
7c0b09e460e5,kmeans,2,1
25318c72858c,kmeans,2,1
ffd67a11adf5,kmeans,2,0
a5bbf9986cdf,kmeans,2,0
af36451ff757,kmeans,2,1
b5e847ab4167,kmeans,2,0
7b410e7b46b2,kmeans,2,1
ec0a7a9f6bd4,kmeans,2,1
347c809f3195,kmeans,2,0
fc790eb5a673,kmeans,2,1
0a7114a9e69c,kmeans,2,1
9854ff7b6372,kmeans,2,1
a42b61f11204,kmeans,2,1
9e5ccc66f56e,kmeans,2,1
0ee9141e57f1,kmeans,2,1
b153a9ea702d,kmeans,2,1
aeeaad69448f,kmeans,2,1
97696e3dff5a,kmeans,2,1
ca8466e7eaed,kmeans,2,1
90c411818fce,kmeans,2,1
36eac7055318,kmeans,2,1
58a82d84c83e,kmeans,2,0
e521ab4dc835,kmeans,2,0
b700b13f96c9,kmeans,2,0
cb40fa4e04f3,kmeans,2,1
817c0799af95,kmeans,2,1
a8fc3ec464b7,kmeans,2,1
9fb9ce095950,kmeans,2,0
24cf1ad4bee3,kmeans,2,1
b300ec3ab709,kmeans,2,0
a055ffa0f755,kmeans,2,1
945dc6c9f157,kmeans,2,1
5986012ee787,kmeans,2,1
1b0fd8b822aa,kmeans,2,1
5903ada934dd,kmeans,2,1
92cc558a2906,kmeans,2,1
852730ce9995,kmeans,2,0
3936a2d0b4dc,kmeans,2,1
aed7cfb24f16,kmeans,2,1
47d4e5185aec,kmeans,2,1
4f8566c68bba,kmeans,2,1
0471855ad71c,kmeans,2,1
3379aac1fb95,kmeans,2,1
dcff53f7c7ca,kmeans,2,1
e0a6ae9d6494,kmeans,2,1
59fa47970b6f,kmeans,2,1
31b78c986872,kmeans,2,1
a820a419197b,kmeans,2,0
c13748efef8d,kmeans,2,0
db4176b759c2,kmeans,2,1
2220aeda53c4,kmeans,2,1
fc14300b3b77,kmeans,2,1
9212441d3249,kmeans,2,1
85ac92085461,kmeans,2,1
d65a19c3860e,kmeans,2,1
924e9595f3b7,kmeans,2,1
daf2d448a797,kmeans,2,1
301349067b2b,kmeans,2,1
8dec77e08a8a,kmeans,2,1
f7efd8f8f433,kmeans,2,1
891c44a1582b,kmeans,2,1
1e1cb6822355,kmeans,2,1
4d3ab6375af9,kmeans,2,1
752d618dc1b0,kmeans,2,1
72f03c9c6a3c,kmeans,2,0
22a2ab373506,kmeans,2,1
b2746ab55779,kmeans,2,1
3750ceb833df,kmeans,2,0
86b2e3d1ed17,kmeans,2,0
b8277d98a691,kmeans,2,1
e82b9f542e72,kmeans,2,0
5e85692c81e3,kmeans,2,1
0eabce91b99c,kmeans,2,1
9fc087f1e5ac,kmeans,2,1
64efa984a94d,kmeans,2,1
9db96874b0c6,kmeans,2,1
8bb0471e4d9b,kmeans,2,1
608f4ac6c9e9,kmeans,2,1
5ed5579861fb,kmeans,2,1
0852b50a9265,kmeans,2,1
adfd0f09ddb9,kmeans,2,1
26fc258a71a1,kmeans,2,1
556f3aab5379,kmeans,2,0
07c745fc4af3,kmeans,2,0
1571e1c8616c,gmm,2,0
c9de9295bb5d,gmm,2,1
210594eec92b,gmm,2,0
2ac8d4958a40,gmm,2,1
af464bdf5059,gmm,2,1
f3397196a895,gmm,2,0
e2a974849278,gmm,2,1
ad9c45dd25dc,gmm,2,1
7e72f88d518a,gmm,2,1
b4f341a70721,gmm,2,0
31996d251977,gmm,2,0
98f372ae08e4,gmm,2,1
42335babf48b,gmm,2,0
9c6d091c87de,gmm,2,1
07ee3399e047,gmm,2,0
f566b25f8cc0,gmm,2,1
6956805cbab1,gmm,2,1
ec542a3a3564,gmm,2,0
fb715165355e,gmm,2,0
94af6ce4d14b,gmm,2,0
cb23c39b3226,gmm,2,1
046566dbb3d6,gmm,2,1
d5d83dbdbaf8,gmm,2,0
15468dcb57e5,gmm,2,1
3d5dee6bd374,gmm,2,0
d82126a35001,gmm,2,1
50c4a263b909,gmm,2,1
0ebcdab084a2,gmm,2,0
e7df891ef494,gmm,2,1
cef38354125d,gmm,2,1
e308d2e59ce9,gmm,2,0
9b4f07de6629,gmm,2,0
af47b0a976d4,gmm,2,1
2d31f959b033,gmm,2,0
516c3f68b4ea,gmm,2,1
fad12355a7e0,gmm,2,0
d1a897843b0d,gmm,2,1
a36ad60b0851,gmm,2,0
84ca097d3107,gmm,2,0
392dad1f301e,gmm,2,1
d8f5426a1dc0,gmm,2,1
205ddbc04f8c,gmm,2,1
88b9ce31b03e,gmm,2,1
4951c31c3377,gmm,2,1
2d5461ebdc4f,gmm,2,1
bc545c5cf25a,gmm,2,1
bfbf73619675,gmm,2,0
b7f058902680,gmm,2,0
5656509a0434,gmm,2,1
b9e3bac5f0c0,gmm,2,0
f5f58d1ee679,gmm,2,0
159c2c8c162a,gmm,2,1
9f8399293a5b,gmm,2,1
60d8f9a0c810,gmm,2,1
25155a6d62d7,gmm,2,1
87e0b56ba652,gmm,2,1
8c5a917970c0,gmm,2,1
1f7dc12f3677,gmm,2,0
30b36d9a5f19,gmm,2,1
b9e89dee9d5c,gmm,2,1
d04ef2e0c992,gmm,2,0
7411bb97428c,gmm,2,1
d8cd9e580184,gmm,2,0
f86f783e34d8,gmm,2,1
2337969a7273,gmm,2,1
421490b75587,gmm,2,1
b8a32e9375c2,gmm,2,1
23eba09b6089,gmm,2,1
651ef23a64b5,gmm,2,0
e85eb5278557,gmm,2,0
a6ac64bcbf02,gmm,2,1
39663573c347,gmm,2,1
ab453134cb42,gmm,2,0
fa49e64ead21,gmm,2,0
0a7283b6b7e1,gmm,2,1
f7fe21401cd2,gmm,2,0
860405b85a51,gmm,2,0
8181105cbee5,gmm,2,0
aeada7c26863,gmm,2,0
34ae85cb12ac,gmm,2,0
c215343072b7,gmm,2,1
21f95e9c2fc3,gmm,2,1
35dabcad5e6a,gmm,2,1
ed0d710063d2,gmm,2,0
d02d5af35ee5,gmm,2,0
5d74a384e959,gmm,2,0
920ee7edf4e7,gmm,2,1
e0bac4d2bc1b,gmm,2,1
030a8d528d8b,gmm,2,1
a8eb9d33e165,gmm,2,1
f212a4012447,gmm,2,0
cba94fd13cf4,gmm,2,0
755fea7b75a3,gmm,2,1
f9d4c7acd6fb,gmm,2,1
e04f916ef09c,gmm,2,0
75c7b8884890,gmm,2,0
37e5798727e9,gmm,2,1
f0793f6e902f,gmm,2,0
f9dd7c1b75f1,gmm,2,1
b921d5bab57d,gmm,2,0
f4a96069e693,gmm,2,1
6583e0805e7c,gmm,2,1
1cc57b2f24ec,gmm,2,1
0682c2fb3f25,gmm,2,1
707832701211,gmm,2,1
189af765f7e2,gmm,2,0
59d3bc8fb718,gmm,2,0
8c42dfba7e2c,gmm,2,1
2c5900b9d30f,gmm,2,1
9a26b5a93ff9,gmm,2,1
c035e0d909e8,gmm,2,1
854d751c7f96,gmm,2,1
914463eb1a00,gmm,2,1
14d439f746d4,gmm,2,0
a2899c841fc7,gmm,2,1
c2d6ff5cf1ce,gmm,2,0
def649d3f8fc,gmm,2,1
4a124e1ed9ca,gmm,2,1
13506064803d,gmm,2,1
1ad7389aba39,gmm,2,1
c195a47a1a41,gmm,2,0
b0d2c4162458,gmm,2,0
4a5c43f181e5,gmm,2,1
db4e7a4fe438,gmm,2,1
b6b00ee798f0,gmm,2,1
cf0e8bf0f5d3,gmm,2,0
4a9a8f6896ef,gmm,2,0
9716ee35235b,gmm,2,1
de5e71ae6d03,gmm,2,1
8a821dac946e,gmm,2,0
c70028c7277b,gmm,2,1
26efa3d0f87a,gmm,2,1
b886fc0d853b,gmm,2,0
2a71b405b665,gmm,2,1
a00e12064313,gmm,2,1
b32d7d16ecbb,gmm,2,1
081e4a1d2828,gmm,2,0
aa8d7516e477,gmm,2,1
052c072e5473,gmm,2,1
e3253330e56d,gmm,2,0
f7fc3b71059b,gmm,2,1
feb6c4c582e9,gmm,2,0
9009f5684dde,gmm,2,1
c40d12166c3d,gmm,2,0
2d18f2ccad0d,gmm,2,1
8758b9112998,gmm,2,0
e1e95c7bffb4,gmm,2,1
4239d46569f8,gmm,2,0
34de111120de,gmm,2,1
69011e800eb9,gmm,2,0
4c1d8b1f7199,gmm,2,1
6e401f2a9523,gmm,2,0
111dc9fb08c8,gmm,2,1
c2a449f3aa13,gmm,2,1
36c6d34d8540,gmm,2,1
1b6159713abc,gmm,2,1
c7845805e7e1,gmm,2,1
f3b67e18ac18,gmm,2,1
1b17a8828106,gmm,2,1
08ec41654875,gmm,2,1
b440c4bccc88,gmm,2,1
558eaef5a93e,gmm,2,1
dc8602ca96a0,gmm,2,1
a1f2d43b3ade,gmm,2,1
489b54849c63,gmm,2,1
290f8ef1a2d9,gmm,2,1
23b3ed0a4aee,gmm,2,1
f28a7ad6b970,gmm,2,1
17417f8c3d35,gmm,2,0
854f70d2c56a,gmm,2,0
40480270e732,gmm,2,1
37c690a2d077,gmm,2,1
1d1b84fded24,gmm,2,1
cd77a9bd378c,gmm,2,1
2359b8577e23,gmm,2,0
de51f803685b,gmm,2,1
2452513a82ac,gmm,2,0
eb244f6fde7c,gmm,2,1
b42de17b2962,gmm,2,0
980aef90df6a,gmm,2,1
f3ea08a5dd69,gmm,2,1
08a8aef1efb7,gmm,2,1
da867616af2c,gmm,2,0
784c628c4979,gmm,2,0
13ada8cd8137,gmm,2,1
af122816ed12,gmm,2,0
5769e8c88621,gmm,2,1
ef49f606fbf3,gmm,2,1
5f700545e946,gmm,2,1
c7b13135d384,gmm,2,1
e362532a133b,gmm,2,0
e872024bb285,gmm,2,0
e51400b733c7,gmm,2,1
235d9079694f,gmm,2,0
15dd161a1de6,gmm,2,1
8c36f946fa39,gmm,2,1
2dd7bc6bd0e0,gmm,2,1
e0af9d46dd7f,gmm,2,1
394682cbb820,gmm,2,0
5ad67bdb9fc2,gmm,2,1
a9e4c769b7fd,gmm,2,1
24f77e2cd27d,gmm,2,0
edc34b3a6c3d,gmm,2,1
b0530887123f,gmm,2,1
1d7d57f3c2b6,gmm,2,0
79cf3ff76ed2,gmm,2,1
677ae3988090,gmm,2,1
066a09c56ae6,gmm,2,0
1397d7954ce7,gmm,2,0
6bcbd207f61e,gmm,2,0
a34a1ea0035b,gmm,2,1
5e051bff8b77,gmm,2,1
ff821b733ed1,gmm,2,0
656eeb676cdb,gmm,2,1
0a0ca22c859d,gmm,2,1
5d93ed99436d,gmm,2,0
c3d41fcbbffc,gmm,2,0
ffd4c9e91690,gmm,2,1
093cf715379b,gmm,2,0
e0fa6cd54e79,gmm,2,0
4f969eb75ed1,gmm,2,1
4fd5d6b84ab4,gmm,2,1
8dea7f07dac4,gmm,2,0
ceece08ec30c,gmm,2,1
90810ea0ff9b,gmm,2,1
d6015ccd6f2a,gmm,2,1
edd0004b8711,gmm,2,0
6b0f31498997,gmm,2,1
ed191c6d086d,gmm,2,1
16c4f9488097,gmm,2,0
53f53181b923,gmm,2,0
4a42f241a965,gmm,2,1
753ea2ec3b76,gmm,2,0
97a2a24cf1ac,gmm,2,1
7a023b9a699a,gmm,2,0
1d66aadb3087,gmm,2,0
fe2ea62e970c,gmm,2,1
bbb167581c9e,gmm,2,1
5983d3bde094,gmm,2,1
015e855f7412,gmm,2,1
301dc5df9e1a,gmm,2,1
1da6b3261366,gmm,2,1
908350ab2caf,gmm,2,0
0297326556d0,gmm,2,1
5333c0ee2293,gmm,2,0
f9ba126f7577,gmm,2,1
c2a5e6736cf8,gmm,2,1
713b74a9fb64,gmm,2,0
7baeb45178c4,gmm,2,0
498e8ec8d6fe,gmm,2,1
2be57d9e9071,gmm,2,1
989023c5016d,gmm,2,1
f96245648e19,gmm,2,0
9cf2a95b1d8a,gmm,2,0
cc79a583ad2a,gmm,2,1
f8986418ea55,gmm,2,0
44b609a292c1,gmm,2,0
71e0541594df,gmm,2,0
d4379462da61,gmm,2,1
3c264c30d42a,gmm,2,0
860c24709bc5,gmm,2,0
60edbfa3c029,gmm,2,0
fd431d5d227d,gmm,2,1
a7e5f85ff20f,gmm,2,0
e03327b64281,gmm,2,1
b38820b6c407,gmm,2,0
f89cf3e19267,gmm,2,0
824f5ede2834,gmm,2,0
37e2b1e3c072,gmm,2,1
632dae81c229,gmm,2,0
f38740766c7d,gmm,2,1
abb0333f1826,gmm,2,1
9c9ff750e24a,gmm,2,0
d10b02f13579,gmm,2,1
495196c0b96c,gmm,2,0
02dfbb012d54,gmm,2,1
dc9fb4ec0eb8,gmm,2,1
2036bee97859,gmm,2,1
47dab789e252,gmm,2,1
043fe1cc9b15,gmm,2,0
9aa5612d579c,gmm,2,0
aca22c0b754d,gmm,2,1
d981137bec70,gmm,2,1
be5921ef5796,gmm,2,0
0a9f2b1eb270,gmm,2,1
b967b59b1d65,gmm,2,1
1d3f78ace976,gmm,2,1
4cf9f2b22272,gmm,2,1
51cb174c4c2d,gmm,2,1
42ed376b70cc,gmm,2,1
17b4c6ee6a7b,gmm,2,1
a6dee822b480,gmm,2,1
224e7eed53ee,gmm,2,1
f800f8e797c7,gmm,2,1
97397b5013e5,gmm,2,0
c6c3f0825e9a,gmm,2,1
2773677608f0,gmm,2,1
1d56fc586747,gmm,2,1
60032d08fe7c,gmm,2,0
8d6c32d34649,gmm,2,0
f8617dfffa84,gmm,2,1
64c7531f1f28,gmm,2,1
3600aca2e74c,gmm,2,0
efe4ebc3ce0c,gmm,2,1
2341c6362bff,gmm,2,0
45a9b1f46732,gmm,2,1
882516b12301,gmm,2,1
d3c954c4b045,gmm,2,0
ae768f372948,gmm,2,1
2cf0963c0d6b,gmm,2,1
9f82b111e936,gmm,2,1
89ce38debe35,gmm,2,1
d509ae409da0,gmm,2,1
d32458ba0b75,gmm,2,0
854b835c4459,gmm,2,0
1e5ffa20908c,gmm,2,1
09f0567f5e01,gmm,2,1
bf21ab2e0c7f,gmm,2,0
1f27f04d0ec1,gmm,2,1
7deb0c02eec8,gmm,2,1
53c1985940c4,gmm,2,0
aa1545bb620d,gmm,2,0
85f32c060421,gmm,2,1
ee7649aebbd3,gmm,2,1
e9db18905254,gmm,2,1
00af3ae6283b,gmm,2,1
0852198eb5db,gmm,2,1
cd999108ca3b,gmm,2,1
87e17719b591,gmm,2,0
6960ed5d6de0,gmm,2,1
64fc66aa07e7,gmm,2,1
132138f5acbb,gmm,2,1
19a6a0ffdb39,gmm,2,1
a5cac1e1138f,gmm,2,0
2b5dde0a9784,gmm,2,1
b44615b20a99,gmm,2,0
3f4c9f2c4d00,gmm,2,1
e44df5b25229,gmm,2,0
bc727066fa74,gmm,2,0
a19a0c235ae8,gmm,2,1
8279397a028d,gmm,2,1
20e5542944b5,gmm,2,1
6319e262c292,gmm,2,1
2f7511715c88,gmm,2,0
edb1133e9d75,gmm,2,1
e42834bf99dd,gmm,2,0
ecb70c401ba5,gmm,2,1
844ab8bb2f7e,gmm,2,0
49a4e62c97fe,gmm,2,1
dd9821d69edf,gmm,2,1
e4d9903e3097,gmm,2,0
efc46803f73a,gmm,2,1
dd38f7376880,gmm,2,0
b1f21eaad4c0,gmm,2,0
35de9401de64,gmm,2,0
fb937ed3802e,gmm,2,1
b262aed1217e,gmm,2,1
6d8dc5c078a6,gmm,2,1
38cee92b065f,gmm,2,0
f6e6a8738f98,gmm,2,1
3be50ddfe672,gmm,2,0
155256bb1944,gmm,2,1
ce300d82f677,gmm,2,1
e955aa3c79c2,gmm,2,1
ea9c1b2c025b,gmm,2,1
29761c512843,gmm,2,1
278690b4176c,gmm,2,1
d32394928f18,gmm,2,1
b99446564f14,gmm,2,1
f6251d7d74f2,gmm,2,1
343c84605d84,gmm,2,0
a369ea8f8860,gmm,2,0
77c18a818920,gmm,2,1
055cef6b7562,gmm,2,1
784e244ec319,gmm,2,1
e6be938322d5,gmm,2,1
acf33d393ade,gmm,2,0
bc68824d6652,gmm,2,0
f3573a48597f,gmm,2,1
c05727b8d1bf,gmm,2,1
313d553c7d7e,gmm,2,1
2651bad92999,gmm,2,1
be82d43f76b5,gmm,2,0
0d0aa1a4cef1,gmm,2,0
e7c9bd1c65ff,gmm,2,1
a691f167bcd1,gmm,2,0
60de46492870,gmm,2,1
870ce6ff6bec,gmm,2,0
a96994f10702,gmm,2,1
aef421a03f0a,gmm,2,1
11d80d469291,gmm,2,1
c847041698b0,gmm,2,1
cfd55ee04865,gmm,2,0
74e5810062f7,gmm,2,0
e3c61ba2348c,gmm,2,0
538d36019bf8,gmm,2,1
ce05c748454f,gmm,2,1
bfe2b6d573f7,gmm,2,0
d209b182fc10,gmm,2,1
5e0e23d339d8,gmm,2,0
2a7646037a29,gmm,2,1
21d5bb7d6347,gmm,2,0
0a6cc340abad,gmm,2,1
4fb2bee931b5,gmm,2,0
f224068222f7,gmm,2,1
04c86e861dc1,gmm,2,1
5e779c615732,gmm,2,0
7cd883d65b06,gmm,2,1
b38c8408d846,gmm,2,0
75e758c2a32f,gmm,2,0
ecb4a05554a0,gmm,2,0
7d701e7dd42e,gmm,2,1
d5310b2ac190,gmm,2,1
8f0c0fcea9e9,gmm,2,1
5ff909819ad2,gmm,2,0
3b1fc460c2b7,gmm,2,0
271012fe0911,gmm,2,1
94f376ab2363,gmm,2,1
14ddba24e653,gmm,2,1
731ed25df393,gmm,2,1
c0f4ea8d3262,gmm,2,0
c10b7ed034ec,gmm,2,1
55c683136817,gmm,2,1
9fb024e9a9cd,gmm,2,0
e3c5bb2be32b,gmm,2,1
ac960e11925a,gmm,2,1
5d3a9ab3cadd,gmm,2,1
8de4ac5ba199,gmm,2,1
3303e6ac1454,gmm,2,1
bd4d77b820c6,gmm,2,1
164ea748b2c2,gmm,2,1
ced9a2f50e6a,gmm,2,0
a3c99e45d0e2,gmm,2,1
54ca63b8d226,gmm,2,1
932635948923,gmm,2,0
b2d86452adc2,gmm,2,0
9990b3a98e69,gmm,2,0
60bff3fb7b25,gmm,2,0
45f100216947,gmm,2,1
977cf245ae54,gmm,2,0
426b98137bcd,gmm,2,1
5d15feff4d5e,gmm,2,0
d686cc911636,gmm,2,0
b493160c1a22,gmm,2,0
864da380b8da,gmm,2,1
83e807d083f2,gmm,2,1
7193b0fe6e86,gmm,2,0
8d9047d9e23a,gmm,2,1
fe51502093fd,gmm,2,1
ed3f17db3b69,gmm,2,0
6ee919e97fed,gmm,2,0
4af4101a4ed2,gmm,2,1
aa982feba760,gmm,2,0
016a4a0f0d92,gmm,2,1
91bf2483dec9,gmm,2,1
3c205a60d068,gmm,2,1
c57b8d91f032,gmm,2,0
d6a5c98da0e8,gmm,2,1
0115f8a3d576,gmm,2,0
406c54681c86,gmm,2,0
f0d8bf6f24bf,gmm,2,1
c49746e3b12e,gmm,2,1
9893b542403c,gmm,2,1
26d12e3ebd1e,gmm,2,1
1503878c7bc0,gmm,2,1
163b76297c77,gmm,2,1
600dad4df0ca,gmm,2,1
2d8f2252855c,gmm,2,1
87b105ed70c6,gmm,2,1
616f82abb2cc,gmm,2,1
cc41551e4363,gmm,2,1
ad813e3739b0,gmm,2,0
d078ba8c5f9a,gmm,2,1
26daaa521a0b,gmm,2,1
59635aff0e13,gmm,2,1
2ec0cb313dcf,gmm,2,1
f23337d9a46f,gmm,2,1
e33d9aec3f9b,gmm,2,1
799c5c35fccb,gmm,2,1
8d5c7356c7ae,gmm,2,1
a2a7394dd0b2,gmm,2,1
0635a5b43e92,gmm,2,0
2ca4a95a05a2,gmm,2,0
207c62cb8140,gmm,2,1
adf5bd6fa3c7,gmm,2,1
52541210555c,gmm,2,0
d2191bad412b,gmm,2,1
7d27ee19b524,gmm,2,1
698a5a0b0180,gmm,2,1
596030fef93e,gmm,2,0
492a0f0f8c54,gmm,2,0
ae7a94e69d1d,gmm,2,0
bdf0b223fc53,gmm,2,1
e5470cfabfc3,gmm,2,1
d05a94edf752,gmm,2,0
d29e7f55b9a6,gmm,2,1
9da6e684fed0,gmm,2,1
febfedbf32a7,gmm,2,0
8faedede5298,gmm,2,1
75900d8cc2dd,gmm,2,1
77912914b944,gmm,2,1
4c849d376332,gmm,2,1
02575ba6c980,gmm,2,0
86ed033dff57,gmm,2,1
e19ae96731b6,gmm,2,1
5d9fd5f438aa,gmm,2,1
27cab63f49f9,gmm,2,1
3a2768d8fbe3,gmm,2,1
8aec44220e63,gmm,2,0
b9939ab84aab,gmm,2,1
435754b2a097,gmm,2,1
45ee47db0b36,gmm,2,1
0482496b2f92,gmm,2,1
8e14085ada58,gmm,2,1
7db9bbbeb2c8,gmm,2,0
670ca52a24c4,gmm,2,0
ce1d79ec7247,gmm,2,0
43cd60313665,gmm,2,1
341ef0c2da76,gmm,2,0
bd56d83d073c,gmm,2,1
0103fe0f628f,gmm,2,1
70b54322c382,gmm,2,1
45be29dd302f,gmm,2,0
5f1c089c5b18,gmm,2,1
845c36347272,gmm,2,1
1bee2afb3557,gmm,2,1
58794f5c0252,gmm,2,0
412d86362096,gmm,2,1
b62bc155602d,gmm,2,1
e29e547d02fa,gmm,2,1
35cb1431e768,gmm,2,0
a82ee19220b5,gmm,2,1
8fd21eb5464c,gmm,2,1
f9121e1f62e5,gmm,2,1
c8fe42b2921b,gmm,2,1
dad5a56973b0,gmm,2,1
f68a2f6ff9a0,gmm,2,1
54ad2624ad8d,gmm,2,0
e1152ff3283b,gmm,2,0
f0d2e5c8c897,gmm,2,0
5ae5aeb06988,gmm,2,1
c52b4fa97083,gmm,2,1
8dbc7b583363,gmm,2,1
f30b0835ba2f,gmm,2,1
a02ec2c24943,gmm,2,0
fe71a98ef10d,gmm,2,1
5bdded78b387,gmm,2,1
ab3987df782e,gmm,2,1
15c63a8cff93,gmm,2,1
796ae60079e2,gmm,2,0
ae094633ca15,gmm,2,1
2089b2990667,gmm,2,1
3b8ff0c4f402,gmm,2,1
b86c389c5deb,gmm,2,0
4b19af42cef6,gmm,2,0
2b236ff323e0,gmm,2,1
f1f9c8edf6fb,gmm,2,1
5eb77d95369c,gmm,2,1
27475de623ca,gmm,2,0
4ca9c8b36369,gmm,2,1
502150e46893,gmm,2,1
050c978f7aa5,gmm,2,1
195938573d5b,gmm,2,1
04e55973c1c7,gmm,2,0
15ff204a31fd,gmm,2,0
c30df82bc273,gmm,2,1
2c4faeae7f20,gmm,2,0
8701386a8ecb,gmm,2,1
daf3d8b1220c,gmm,2,1
3d7ef3da9ecb,gmm,2,0
bc642c031ee7,gmm,2,0
68d79b53f463,gmm,2,1
aa8d988e0704,gmm,2,1
fb5226784277,gmm,2,0
730e693b3e59,gmm,2,0
8ba05599e31e,gmm,2,0
40ace406bbd5,gmm,2,1
02fb600d1d3b,gmm,2,0
f27a5c108454,gmm,2,1
2ecaa0278867,gmm,2,1
2777cd9cb06d,gmm,2,1
9b5cf58da426,gmm,2,0
f71a04a0a3f7,gmm,2,1
ca74fd8ebbba,gmm,2,1
b39c5ed8fba2,gmm,2,0
0bbeab764f8a,gmm,2,0
1c8aaa2555d7,gmm,2,0
c8b87d4f303b,gmm,2,1
42adb05f4c19,gmm,2,1
7a7b7824babf,gmm,2,1
299676d4cba9,gmm,2,1
a57fb5f9eb38,gmm,2,1
567c41667649,gmm,2,1
b05dcb7ded9d,gmm,2,0
74f9c2d8bf59,gmm,2,1
5a654343818a,gmm,2,0
1b4f042993c4,gmm,2,1
3d7f611a2afe,gmm,2,1
fa52108241f1,gmm,2,1
96ded29b2784,gmm,2,0
46cd31f478d8,gmm,2,1
b004e6282254,gmm,2,1
bd94adadec86,gmm,2,0
3c2d67622f17,gmm,2,1
27b19b361fda,gmm,2,1
07d1b7fc0cc7,gmm,2,1
9685c0135dbd,gmm,2,0
ffe7558877c3,gmm,2,0
3200edf45e15,gmm,2,0
b8a11614090a,gmm,2,0
12a59ce5302f,gmm,2,1
24551794971c,gmm,2,0
1d9ba6933780,gmm,2,1
26a3a5466b17,gmm,2,1
36c529042fbc,gmm,2,1
df7c9d3d3ecb,gmm,2,1
755c6850dcd3,gmm,2,0
9ca67a24e647,gmm,2,0
8d481d463b81,gmm,2,0
1b6449ad4332,gmm,2,0
698ffcfd5c17,gmm,2,0
3b49fdc1c57e,gmm,2,0
a2895c2ee0c7,gmm,2,0
367fda42cf50,gmm,2,0
7caf1cebc3d2,gmm,2,0
8881abe07db8,gmm,2,0
ef194ce33be2,gmm,2,1
709f9cbe285b,gmm,2,1
5c7020274acb,gmm,2,1
6c209161d059,gmm,2,1
bb17da2c8071,gmm,2,0
f67c7a7ea59b,gmm,2,0
2ab513bae6d4,gmm,2,0
0ef8cb7d5d52,gmm,2,0
915c7c5eecee,gmm,2,0
0dd65f844067,gmm,2,1
90415aa5d0ee,gmm,2,1
da69342492e2,gmm,2,1
430a1fe6cc1f,gmm,2,1
779f44957904,gmm,2,1
410c5ac01a71,gmm,2,1
fc4c59195af2,gmm,2,1
362fa8cb91cb,gmm,2,1
3f505524532b,gmm,2,1
fc5ee75f0aab,gmm,2,0
ece035c0486e,gmm,2,1
1cc4ea7b0ee0,gmm,2,1
c20c5a39f782,gmm,2,1
11fe0bb5bb95,gmm,2,1
804bcbd361e3,gmm,2,0
68a892c595f5,gmm,2,1
0c4f77064093,gmm,2,0
fb7863989cbd,gmm,2,1
b7f05ed150b5,gmm,2,0
4daf4e9aeca8,gmm,2,1
b5c571ab3a9c,gmm,2,0
abda5f691cba,gmm,2,1
75fd0b80ffd0,gmm,2,1
037e4717b544,gmm,2,1
d5196c54fae6,gmm,2,0
7c5b2c3f4cdb,gmm,2,0
e775c3dd78d6,gmm,2,1
003c91fead41,gmm,2,0
914df0b2f084,gmm,2,1
c8422346a1c3,gmm,2,1
8c2cbd4500c3,gmm,2,0
a26577b601f2,gmm,2,1
afcd6d236398,gmm,2,0
021b26c5c033,gmm,2,1
d0088820131f,gmm,2,0
e9be1c5d317f,gmm,2,1
94028e3486fe,gmm,2,0
d2bfb03c0e1a,gmm,2,0
3f8b39a0a392,gmm,2,1
888d2cec4116,gmm,2,1
382efa06f70b,gmm,2,0
28d8711a56f8,gmm,2,0
ed064c45b676,gmm,2,1
6d3351835cfd,gmm,2,1
5ac8104496cc,gmm,2,1
d0e063bfa731,gmm,2,0
26b1d8bc81d9,gmm,2,1
e950688a1bee,gmm,2,1
0a12aebfa66c,gmm,2,1
8aa8effa78f4,gmm,2,1
9ae09d31529b,gmm,2,1
0b165217635b,gmm,2,0
05767ae2aeae,gmm,2,0
b5c86d80487d,gmm,2,1
2fb9cef7459f,gmm,2,0
de053f490972,gmm,2,1
cc6e5cf840b8,gmm,2,1
235718419a94,gmm,2,0
cd40342c1d7d,gmm,2,1
45e40c413abf,gmm,2,1
c88b7cbaab96,gmm,2,0
7ad9a1a05ead,gmm,2,0
6ac9288c0439,gmm,2,1
c5106e6951de,gmm,2,1
f27c8424b745,gmm,2,0
75e92e2eda3d,gmm,2,1
f503486957f3,gmm,2,1
ee43f290d625,gmm,2,1
a7daf6eb16b1,gmm,2,1
d868ad6d18ee,gmm,2,0
1e47fc4c3f73,gmm,2,1
20146cc40856,gmm,2,1
2f705acf7500,gmm,2,1
1ab2cd01bcb5,gmm,2,0
ecd24d3f1403,gmm,2,1
34c2d94da700,gmm,2,1
b4bf86e03d9d,gmm,2,1
693bdc5482b2,gmm,2,1
65cb2dd6fa98,gmm,2,1
ae43b8766052,gmm,2,1
61565249aeab,gmm,2,1
ab5513e96b2b,gmm,2,0
8a0268f51447,gmm,2,1
beac7e884b18,gmm,2,0
918bec003a5a,gmm,2,1
bb7768d6748c,gmm,2,1
0ba969ac9961,gmm,2,1
623d3192d46f,gmm,2,0
cf521863dd22,gmm,2,1
9b6d37e31710,gmm,2,1
9a8af4347353,gmm,2,1
dafeccf053a1,gmm,2,0
e6fb7d3f8110,gmm,2,1
779cf618a90b,gmm,2,0
b734b9ae2532,gmm,2,1
503f77772dc9,gmm,2,0
26a0c6e0891f,gmm,2,1
6df2e1505715,gmm,2,1
6733fbd31501,gmm,2,1
9c0a2ddca15c,gmm,2,0
2241c1d06ac1,gmm,2,1
82f1d36fe1f8,gmm,2,0
6e9ece07d046,gmm,2,0
b58ebe74a5fe,gmm,2,1
7c4faec0f1ae,gmm,2,0
635cee745389,gmm,2,0
d2dc6c524acf,gmm,2,0
415ed833d65f,gmm,2,0
74792b1f8eb1,gmm,2,1
a5df96189195,gmm,2,1
13077d51672c,gmm,2,0
8a2fea65c9f5,gmm,2,1
435cfc776601,gmm,2,0
e5e5836c1d09,gmm,2,1
6604b4c4d1c0,gmm,2,0
d9e27533bbe0,gmm,2,1
a84b99e202c0,gmm,2,0
4a542fbcb412,gmm,2,1
b8294716a840,gmm,2,1
5c3b7f17cb78,gmm,2,1
2cc08f5e354b,gmm,2,1
265c1bde8e16,gmm,2,1
06fb8436d211,gmm,2,0
94d5dfbb39b0,gmm,2,0
11bbc26a8ae5,gmm,2,1
e7dd07f0fcb7,gmm,2,1
5fd4027fdbfc,gmm,2,1
9ce01b926a20,gmm,2,0
c25195951c34,gmm,2,0
1dff9e0bf6d9,gmm,2,1
1a10173459b2,gmm,2,1
df07b45aef40,gmm,2,1
acfa78c8f6a8,gmm,2,1
681a0fb72dbe,gmm,2,1
4daaff78b1ee,gmm,2,1
97b2a63f0dba,gmm,2,0
6533b64edc25,gmm,2,1
a1e4a44d6fad,gmm,2,1
a31cf338e318,gmm,2,1
25b8e545a9ce,gmm,2,0
4fad09c49037,gmm,2,1
4849132fbf50,gmm,2,1
93b5a7ad7841,gmm,2,0
55aaf516ab86,gmm,2,0
17ad1f0ec22c,gmm,2,0
de336e22401e,gmm,2,0
f39282acf863,gmm,2,0
b9b3ee196186,gmm,2,0
ebc9a8bf1178,gmm,2,0
1df2b539f6ad,gmm,2,0
4112fdbe26dc,gmm,2,1
705bcdef1b7b,gmm,2,0
56cc12af0086,gmm,2,1
829200b4ab94,gmm,2,0
8213ed529268,gmm,2,1
f0ad80152398,gmm,2,1
520635a7564c,gmm,2,1
1aee30272d15,gmm,2,1
4cbe4f0cd5a1,gmm,2,0
68a8c9b61b17,gmm,2,1
01e2024418af,gmm,2,1
d746a23dc601,gmm,2,1
9a4ec2498fe7,gmm,2,0
51bd1e2c64ac,gmm,2,0
542ba520d2d4,gmm,2,0
01342793a57c,gmm,2,1
502fc2255295,gmm,2,1
46bae806fc34,gmm,2,1
43ce84ea28c2,gmm,2,1
d6539915be23,gmm,2,0
3f5799c0ac5d,gmm,2,0
d168f1e0983b,gmm,2,1
27f56592126b,gmm,2,1
5eb0d57e5ebf,gmm,2,0
59782fa6a28a,gmm,2,1
89ac25141742,gmm,2,0
69a10a57c25c,gmm,2,1
0ace4e865f56,gmm,2,1
1b7a8e3dbba2,gmm,2,1
6ca433da2afd,gmm,2,1
722371fc7f84,gmm,2,1
51c42b2ae938,gmm,2,1
ab3b0016d63b,gmm,2,1
97312029e58a,gmm,2,1
82fb43ac175a,gmm,2,1
e7d9b39c83a7,gmm,2,1
7aaabd2325c6,gmm,2,1
90fae3cb2b63,gmm,2,0
691e8e23f63c,gmm,2,1
6cd49f0a7b70,gmm,2,1
6645a4dfbd91,gmm,2,1
1f07fe3e9244,gmm,2,1
4d7ce84e9401,gmm,2,1
7a07ae29f537,gmm,2,1
36bf2a4f6132,gmm,2,1
5962a065f6c5,gmm,2,1
d955684efcf0,gmm,2,1
f5af496d2b1d,gmm,2,1
6d911ca91be6,gmm,2,1
eebb0a2e6137,gmm,2,1
de7aacc73537,gmm,2,1
68776187c8ba,gmm,2,1
3d3d454f51ab,gmm,2,1
7c462204416f,gmm,2,1
b05ca82d6cb1,gmm,2,1
789c40faa0f7,gmm,2,0
50b936b435a9,gmm,2,1
c76ab10af3f5,gmm,2,1
c987682a0c89,gmm,2,1
978c7f2d68d9,gmm,2,0
d26da039e50f,gmm,2,0
e1463360b90d,gmm,2,0
b573f5830e30,gmm,2,1
d55933797b56,gmm,2,0
f4c27812dc45,gmm,2,0
9f0bf9ecd1ae,gmm,2,0
8bf397a6ba8b,gmm,2,0
158d9b3ea070,gmm,2,1
7f8742e67e56,gmm,2,1
595b82ccbb1c,gmm,2,1
b1dc6eebbe38,gmm,2,1
57979b6c7892,gmm,2,1
06e0e7787e5f,gmm,2,1
08e41c8d8d44,gmm,2,1
a93ea6176c1a,gmm,2,1
ee7044cb65ad,gmm,2,0
77c5e38faadb,gmm,2,1
2b3a523fb89b,gmm,2,1
e301bc67ad78,gmm,2,1
6bb78072c4d9,gmm,2,1
501b8492e03a,gmm,2,0
1eb3465ab20a,gmm,2,0
da02afbd72f3,gmm,2,0
12bda18c4ad5,gmm,2,1
d0b9d4ff24d9,gmm,2,0
904905eec60a,gmm,2,1
2671b7598993,gmm,2,1
606b6d4b931e,gmm,2,0
2be2bb6dbb5f,gmm,2,1
5873a9630cd9,gmm,2,1
a88511f918eb,gmm,2,0
68b6fd698529,gmm,2,1
603c48d74afe,gmm,2,1
a224f1cb8d3f,gmm,2,1
677514850e7f,gmm,2,1
fe06eb51f762,gmm,2,0
4be9a9b75c86,gmm,2,1
40bfc3690b70,gmm,2,1
4e6c545cab48,gmm,2,0
bfc6ad384ba5,gmm,2,1
2189583113e5,gmm,2,1
aae5f01389df,gmm,2,0
2da3434441cc,gmm,2,1
357067b1b2c9,gmm,2,1
17466f04cc2a,gmm,2,1
87a671dadd79,gmm,2,0
8708896efdc0,gmm,2,0
99b858319551,gmm,2,1
74a79ea42b6f,gmm,2,1
acc4253dbc82,gmm,2,0
11002e95926d,gmm,2,0
2c518d19f9fd,gmm,2,1
610c4089f89a,gmm,2,0
4051e0f5970a,gmm,2,1
01e134d0b885,gmm,2,1
55ed34c0229c,gmm,2,1
f8a841bd35cd,gmm,2,1
658178b67bf3,gmm,2,1
406a6bc15562,gmm,2,1
d6d8a0d737e8,gmm,2,0
25792c5da171,gmm,2,1
a8a057bb0be7,gmm,2,1
0215514bda3e,gmm,2,0
cddf3406926c,gmm,2,1
36fcdd838e85,gmm,2,1
f9d64c6427e3,gmm,2,1
365f506721a1,gmm,2,1
6ba29906b135,gmm,2,1
4d025bade328,gmm,2,0
35773831bd9f,gmm,2,1
89cc417dcd98,gmm,2,1
bcf249ffa024,gmm,2,0
b44a68ea9070,gmm,2,1
90d576829ebe,gmm,2,1
f04917c1cfe1,gmm,2,1
529df30f6ff3,gmm,2,0
b83a095428ec,gmm,2,0
f46b31d53324,gmm,2,0
e9b7a882f353,gmm,2,0
4603192a4486,gmm,2,1
ef6d6cfa2a6e,gmm,2,1
a98622a0b9b5,gmm,2,1
3f4acfe86aa1,gmm,2,1
99903eba6199,gmm,2,0
5bfa8b11cec9,gmm,2,1
7a6b07697541,gmm,2,1
ad3b6f16d17d,gmm,2,0
909db8d51dc1,gmm,2,1
590bb88150ba,gmm,2,1
8510bd06628a,gmm,2,1
3c0ca844ef5d,gmm,2,0
63d119a9ae77,gmm,2,0
5b676e170a58,gmm,2,1
7809d11ff6e3,gmm,2,1
a7ae76c0d2a6,gmm,2,1
397213358827,gmm,2,1
6e64a48355b2,gmm,2,1
9dfc7e3049ba,gmm,2,1
32782ba99dc7,gmm,2,1
15f02082e0d7,gmm,2,1
514370cf094b,gmm,2,1
f71119d6f424,gmm,2,0
e063e9818f04,gmm,2,1
ade7b83b1363,gmm,2,1
b5afb85b6058,gmm,2,1
2d8cfed8598c,gmm,2,1
fc908d195462,gmm,2,1
93893467e75f,gmm,2,1
3c0084c2bc33,gmm,2,0
008bae3e7743,gmm,2,1
98f8d1bcd007,gmm,2,1
ef51a4e956a2,gmm,2,1
ceeda54e1b5b,gmm,2,1
db325728428d,gmm,2,1
7940ffccef4f,gmm,2,1
1b3093aaab2f,gmm,2,0
f85673083386,gmm,2,1
e1afef6e77b1,gmm,2,1
5e76d6e5dbbb,gmm,2,0
405d821da3f4,gmm,2,0
effd6785c22a,gmm,2,0
5208ebcbfdaf,gmm,2,1
3394a59f3871,gmm,2,0
3242ceea2b6d,gmm,2,1
35253168c9ba,gmm,2,1
598c0d226bec,gmm,2,1
5e052ac91c7f,gmm,2,0
2969d917aee0,gmm,2,1
0096be25b40a,gmm,2,0
5a9fe3123268,gmm,2,1
d5d5f72b0659,gmm,2,1
45c7180b8a89,gmm,2,1
e8538cb92ff8,gmm,2,1
55962ea5863f,gmm,2,1
af63c4ead3ab,gmm,2,0
6a436ef76f42,gmm,2,0
e66bbc0d3afc,gmm,2,1
319ad9b2cf45,gmm,2,1
706c34d4c150,gmm,2,1
e09fb43fcfde,gmm,2,1
4860a7c338da,gmm,2,1
dcb4d3eca08b,gmm,2,1
e30de7aff842,gmm,2,0
aa0519f48bfd,gmm,2,1
8bae5cbe12c2,gmm,2,1
b8a22dd54838,gmm,2,0
a02bf4d776da,gmm,2,1
744d812928f2,gmm,2,1
5e413b312a4a,gmm,2,1
7bf5cb69bf52,gmm,2,1
a87a8ae903d8,gmm,2,1
80cf2e3fb6b9,gmm,2,0
2685e48e877e,gmm,2,0
ccaf0e89b92d,gmm,2,0
27a7f07ef806,gmm,2,0
bebf8040b09b,gmm,2,1
980cf7e1c461,gmm,2,0
bcd097d21189,gmm,2,0
a7a6e3eb56e7,gmm,2,0
cf4bb1da7185,gmm,2,0
9ad50b703b4c,gmm,2,0
c040dc586452,gmm,2,0
3effcaa210cf,gmm,2,0
35110d6e897b,gmm,2,1
f83b87ee8c8a,gmm,2,1
fca6b2f0c2e1,gmm,2,1
52d49d445b7a,gmm,2,0
76d0ace7fd0f,gmm,2,1
df143143bb71,gmm,2,1
b68ba710dc68,gmm,2,1
0e1abd4eb214,gmm,2,1
1ecea9e46402,gmm,2,1
1f76b9796e65,gmm,2,1
b6796363a898,gmm,2,1
2d0998b3c5fc,gmm,2,0
6522e5ba2b3f,gmm,2,1
3d863afd983a,gmm,2,1
9b9a18717f99,gmm,2,0
0a14643f8d90,gmm,2,1
177ee6b3fdfa,gmm,2,0
904d8b960b74,gmm,2,1
0b5cec9b5751,gmm,2,0
1889525093d1,gmm,2,0
233b960a1961,gmm,2,1
d765fcf9098b,gmm,2,1
2c453fa4185a,gmm,2,1
e7809196cc28,gmm,2,1
0fabf70100f2,gmm,2,1
3574b180b36d,gmm,2,1
ea6071a5454f,gmm,2,1
e6a918c3b507,gmm,2,0
acd00ac824ed,gmm,2,0
764be62be920,gmm,2,1
ffca415627da,gmm,2,1
61122b0514ba,gmm,2,1
342ef03206a3,gmm,2,1
49eea7f9fdb8,gmm,2,0
9fd56954127c,gmm,2,1
f6696e6d2e63,gmm,2,1
b9bcf41a7338,gmm,2,1
bb85e31eaae0,gmm,2,1
43ace8759dbd,gmm,2,1
1d05fd8982e9,gmm,2,1
30ac16eb1f65,gmm,2,1
ba11f8e8c376,gmm,2,1
6d4f6dd0facc,gmm,2,1
347c4e3e6233,gmm,2,1
1984c7c371ac,gmm,2,1
719a9e51357d,gmm,2,1
78a5b9abfdf9,gmm,2,1
b075d5f984ae,gmm,2,1
471abc5be5ba,gmm,2,1
a55ed16576bd,gmm,2,1
1c2aa17589fd,gmm,2,0
b6f586e15fc0,gmm,2,0
f0409f58b9a1,gmm,2,1
389890afe30b,gmm,2,1
3f556ddf0ac3,gmm,2,1
7809098aec21,gmm,2,1
92b1d2a9b4ca,gmm,2,1
989272e48a84,gmm,2,0
840844dd0afa,gmm,2,1
aabba8c4f44c,gmm,2,1
0f124fa93f6f,gmm,2,1
37e3d4b81393,gmm,2,1
e56e75ca4d29,gmm,2,1
b255670e63f0,gmm,2,1
4c956ebb270a,gmm,2,1
8cd8f03b3b76,gmm,2,1
6fa1a0e70cf3,gmm,2,1
c8ffe2ff33be,gmm,2,0
24e8903e3937,gmm,2,1
f87ee24cced5,gmm,2,1
175197b85f07,gmm,2,0
f420f6f8e3e9,gmm,2,1
8aff0b2e417d,gmm,2,0
21a10de31382,gmm,2,1
59bc02a55e17,gmm,2,0
16cd0921dab2,gmm,2,1
e3a0715aca97,gmm,2,1
d0c29e417818,gmm,2,1
641a8fafd408,gmm,2,1
49b273e130f7,gmm,2,1
cabefb62050a,gmm,2,1
dec4451ac283,gmm,2,1
88534b3a970b,gmm,2,1
9d57808c377b,gmm,2,1
4a3a6b2f3599,gmm,2,1
669353f8cfe2,gmm,2,1
b2e27bcd3631,gmm,2,1
22f32c98c814,gmm,2,1
fd0f41e3f486,gmm,2,1
f525b6248746,gmm,2,1
542d95c3420c,gmm,2,0
a123364dd912,gmm,2,1
b51cdf8c33a5,gmm,2,1
28cdf091a56f,gmm,2,1
da439552c667,gmm,2,1
93b72c304c4f,gmm,2,1
bfb524429703,gmm,2,1
5873d429b5d1,gmm,2,0
f35f44894dc7,gmm,2,1
28896ec10fef,gmm,2,1
a3c1ffc80582,gmm,2,1
71aadca9a1f9,gmm,2,0
083916fce396,gmm,2,1
5d0feb2b95e8,gmm,2,1
10a70ff7cd96,gmm,2,0
422ef22ae34b,gmm,2,1
d0454d7a7ad0,gmm,2,1
85ad96acad9e,gmm,2,1
38ccebd70ed0,gmm,2,1
556c009b3ad1,gmm,2,1
4d5ca6810248,gmm,2,1
2b6ee8647b13,gmm,2,0
913be26623af,gmm,2,1
0c6c5fad0d0b,gmm,2,0
5e481646a06c,gmm,2,0
b6beec7592ba,gmm,2,1
429c5f41a29d,gmm,2,1
77c9ef9318de,gmm,2,0
7c8ae8f5dde6,gmm,2,0
319b7afc614d,gmm,2,1
42977a2e2aa2,gmm,2,1
6fe68f9d14eb,gmm,2,1
6060f43dc008,gmm,2,1
02ed7a716999,gmm,2,0
be8a20851a34,gmm,2,1
da2423b00cc2,gmm,2,1
dae85393c6bf,gmm,2,0
6c64d3594b2f,gmm,2,1
287f8535bf7b,gmm,2,1
cfdbf4934ead,gmm,2,1
0ac16ba94eb4,gmm,2,1
a22c77279555,gmm,2,1
87607d05000e,gmm,2,1
0cee85116a1e,gmm,2,1
c4ac9f1c7cdd,gmm,2,0
6ddeea366a2c,gmm,2,1
5fdbfc847ecc,gmm,2,0
aa1f2568fa3a,gmm,2,1
657014435d6d,gmm,2,1
f1137d2c2d3b,gmm,2,1
49ab5b7cc3c6,gmm,2,1
d7d03e129816,gmm,2,1
1cc20d2289fb,gmm,2,1
6ac133213139,gmm,2,1
47ad12713a94,gmm,2,1
167d24a35e17,gmm,2,1
235a48b8c017,gmm,2,0
95a8fff11cfd,gmm,2,1
77373a6e718a,gmm,2,0
061092498bb6,gmm,2,1
c0e13174d425,gmm,2,1
6be0519abc97,gmm,2,0
0ee80f141ba8,gmm,2,1
75404aa12fd8,gmm,2,0
1711832250f2,gmm,2,0
625c9d38b08d,gmm,2,1
50a4613e4876,gmm,2,1
4dfc6ab6dda5,gmm,2,1
c15ef2d5a9c0,gmm,2,0
8072cddaca3f,gmm,2,1
a48e49b7644d,gmm,2,1
a36044a3f4c4,gmm,2,1
9b5b77e19dd0,gmm,2,1
a3ab36dd727e,gmm,2,1
94bb3f4d0a82,gmm,2,1
413ec78a56b2,gmm,2,1
b6550c7aff7a,gmm,2,1
773eea8792e4,gmm,2,1
7a4e0eb8c32f,gmm,2,0
798c2fcc2ab4,gmm,2,1
f1c6e8bf0742,gmm,2,0
0cf4692017e3,gmm,2,1
530b695102db,gmm,2,0
2d1cddc41183,gmm,2,0
e196d996b179,gmm,2,1
431640b40bde,gmm,2,0
c9c9f1d47e77,gmm,2,1
2aff114d9f52,gmm,2,0
effd169189e2,gmm,2,1
9dcbb83d63cd,gmm,2,0
d645f5dc9ebd,gmm,2,1
a4e1d9bf2ada,gmm,2,0
967983ad37da,gmm,2,1
bfc18129008b,gmm,2,0
6e6eab40deec,gmm,2,0
588605308533,gmm,2,1
b19e7ad79c06,gmm,2,0
c1f28a766459,gmm,2,0
89446801d542,gmm,2,1
fecbeea9da18,gmm,2,1
ccf098a8e364,gmm,2,1
3953f31006f7,gmm,2,1
554ec9af79a3,gmm,2,1
f085bb7373db,gmm,2,0
7c0b09e460e5,gmm,2,1
25318c72858c,gmm,2,1
ffd67a11adf5,gmm,2,1
a5bbf9986cdf,gmm,2,0
af36451ff757,gmm,2,1
b5e847ab4167,gmm,2,0
7b410e7b46b2,gmm,2,1
ec0a7a9f6bd4,gmm,2,0
347c809f3195,gmm,2,0
fc790eb5a673,gmm,2,1
0a7114a9e69c,gmm,2,1
9854ff7b6372,gmm,2,1
a42b61f11204,gmm,2,1
9e5ccc66f56e,gmm,2,1
0ee9141e57f1,gmm,2,0
b153a9ea702d,gmm,2,1
aeeaad69448f,gmm,2,1
97696e3dff5a,gmm,2,1
ca8466e7eaed,gmm,2,1
90c411818fce,gmm,2,1
36eac7055318,gmm,2,1
58a82d84c83e,gmm,2,1
e521ab4dc835,gmm,2,1
b700b13f96c9,gmm,2,0
cb40fa4e04f3,gmm,2,1
817c0799af95,gmm,2,1
a8fc3ec464b7,gmm,2,0
9fb9ce095950,gmm,2,1
24cf1ad4bee3,gmm,2,1
b300ec3ab709,gmm,2,1
a055ffa0f755,gmm,2,1
945dc6c9f157,gmm,2,1
5986012ee787,gmm,2,0
1b0fd8b822aa,gmm,2,1
5903ada934dd,gmm,2,1
92cc558a2906,gmm,2,0
852730ce9995,gmm,2,0
3936a2d0b4dc,gmm,2,1
aed7cfb24f16,gmm,2,1
47d4e5185aec,gmm,2,1
4f8566c68bba,gmm,2,1
0471855ad71c,gmm,2,1
3379aac1fb95,gmm,2,0
dcff53f7c7ca,gmm,2,1
e0a6ae9d6494,gmm,2,1
59fa47970b6f,gmm,2,1
31b78c986872,gmm,2,1
a820a419197b,gmm,2,1
c13748efef8d,gmm,2,0
db4176b759c2,gmm,2,1
2220aeda53c4,gmm,2,1
fc14300b3b77,gmm,2,1
9212441d3249,gmm,2,1
85ac92085461,gmm,2,1
d65a19c3860e,gmm,2,1
924e9595f3b7,gmm,2,1
daf2d448a797,gmm,2,1
301349067b2b,gmm,2,1
8dec77e08a8a,gmm,2,0
f7efd8f8f433,gmm,2,1
891c44a1582b,gmm,2,1
1e1cb6822355,gmm,2,1
4d3ab6375af9,gmm,2,1
752d618dc1b0,gmm,2,1
72f03c9c6a3c,gmm,2,1
22a2ab373506,gmm,2,1
b2746ab55779,gmm,2,1
3750ceb833df,gmm,2,1
86b2e3d1ed17,gmm,2,1
b8277d98a691,gmm,2,1
e82b9f542e72,gmm,2,1
5e85692c81e3,gmm,2,1
0eabce91b99c,gmm,2,1
9fc087f1e5ac,gmm,2,1
64efa984a94d,gmm,2,1
9db96874b0c6,gmm,2,1
8bb0471e4d9b,gmm,2,1
608f4ac6c9e9,gmm,2,1
5ed5579861fb,gmm,2,0
0852b50a9265,gmm,2,0
adfd0f09ddb9,gmm,2,1
26fc258a71a1,gmm,2,1
556f3aab5379,gmm,2,1
07c745fc4af3,gmm,2,1
1571e1c8616c,hierarchical,2,0
c9de9295bb5d,hierarchical,2,0
210594eec92b,hierarchical,2,1
2ac8d4958a40,hierarchical,2,0
af464bdf5059,hierarchical,2,0
f3397196a895,hierarchical,2,1
e2a974849278,hierarchical,2,0
ad9c45dd25dc,hierarchical,2,1
7e72f88d518a,hierarchical,2,1
b4f341a70721,hierarchical,2,0
31996d251977,hierarchical,2,0
98f372ae08e4,hierarchical,2,0
42335babf48b,hierarchical,2,1
9c6d091c87de,hierarchical,2,0
07ee3399e047,hierarchical,2,0
f566b25f8cc0,hierarchical,2,0
6956805cbab1,hierarchical,2,0
ec542a3a3564,hierarchical,2,0
fb715165355e,hierarchical,2,0
94af6ce4d14b,hierarchical,2,1
cb23c39b3226,hierarchical,2,1
046566dbb3d6,hierarchical,2,0
d5d83dbdbaf8,hierarchical,2,0
15468dcb57e5,hierarchical,2,1
3d5dee6bd374,hierarchical,2,0
d82126a35001,hierarchical,2,1
50c4a263b909,hierarchical,2,1
0ebcdab084a2,hierarchical,2,0
e7df891ef494,hierarchical,2,1
cef38354125d,hierarchical,2,1
e308d2e59ce9,hierarchical,2,1
9b4f07de6629,hierarchical,2,0
af47b0a976d4,hierarchical,2,1
2d31f959b033,hierarchical,2,1
516c3f68b4ea,hierarchical,2,1
fad12355a7e0,hierarchical,2,0
d1a897843b0d,hierarchical,2,0
a36ad60b0851,hierarchical,2,1
84ca097d3107,hierarchical,2,1
392dad1f301e,hierarchical,2,0
d8f5426a1dc0,hierarchical,2,1
205ddbc04f8c,hierarchical,2,0
88b9ce31b03e,hierarchical,2,1
4951c31c3377,hierarchical,2,0
2d5461ebdc4f,hierarchical,2,1
bc545c5cf25a,hierarchical,2,1
bfbf73619675,hierarchical,2,0
b7f058902680,hierarchical,2,1
5656509a0434,hierarchical,2,1
b9e3bac5f0c0,hierarchical,2,1
f5f58d1ee679,hierarchical,2,1
159c2c8c162a,hierarchical,2,1
9f8399293a5b,hierarchical,2,1
60d8f9a0c810,hierarchical,2,0
25155a6d62d7,hierarchical,2,1
87e0b56ba652,hierarchical,2,0
8c5a917970c0,hierarchical,2,0
1f7dc12f3677,hierarchical,2,1
30b36d9a5f19,hierarchical,2,1
b9e89dee9d5c,hierarchical,2,1
d04ef2e0c992,hierarchical,2,1
7411bb97428c,hierarchical,2,0
d8cd9e580184,hierarchical,2,1
f86f783e34d8,hierarchical,2,1
2337969a7273,hierarchical,2,0
421490b75587,hierarchical,2,1
b8a32e9375c2,hierarchical,2,1
23eba09b6089,hierarchical,2,1
651ef23a64b5,hierarchical,2,0
e85eb5278557,hierarchical,2,0
a6ac64bcbf02,hierarchical,2,1
39663573c347,hierarchical,2,1
ab453134cb42,hierarchical,2,0
fa49e64ead21,hierarchical,2,0
0a7283b6b7e1,hierarchical,2,1
f7fe21401cd2,hierarchical,2,0
860405b85a51,hierarchical,2,0
8181105cbee5,hierarchical,2,0
aeada7c26863,hierarchical,2,1
34ae85cb12ac,hierarchical,2,0
c215343072b7,hierarchical,2,0
21f95e9c2fc3,hierarchical,2,1
35dabcad5e6a,hierarchical,2,1
ed0d710063d2,hierarchical,2,0
d02d5af35ee5,hierarchical,2,0
5d74a384e959,hierarchical,2,1
920ee7edf4e7,hierarchical,2,1
e0bac4d2bc1b,hierarchical,2,1
030a8d528d8b,hierarchical,2,0
a8eb9d33e165,hierarchical,2,0
f212a4012447,hierarchical,2,0
cba94fd13cf4,hierarchical,2,0
755fea7b75a3,hierarchical,2,1
f9d4c7acd6fb,hierarchical,2,1
e04f916ef09c,hierarchical,2,0
75c7b8884890,hierarchical,2,1
37e5798727e9,hierarchical,2,1
f0793f6e902f,hierarchical,2,0
f9dd7c1b75f1,hierarchical,2,1
b921d5bab57d,hierarchical,2,1
f4a96069e693,hierarchical,2,1
6583e0805e7c,hierarchical,2,1
1cc57b2f24ec,hierarchical,2,0
0682c2fb3f25,hierarchical,2,1
707832701211,hierarchical,2,1
189af765f7e2,hierarchical,2,0
59d3bc8fb718,hierarchical,2,0
8c42dfba7e2c,hierarchical,2,1
2c5900b9d30f,hierarchical,2,1
9a26b5a93ff9,hierarchical,2,1
c035e0d909e8,hierarchical,2,1
854d751c7f96,hierarchical,2,1
914463eb1a00,hierarchical,2,1
14d439f746d4,hierarchical,2,0
a2899c841fc7,hierarchical,2,0
c2d6ff5cf1ce,hierarchical,2,0
def649d3f8fc,hierarchical,2,1
4a124e1ed9ca,hierarchical,2,0
13506064803d,hierarchical,2,0
1ad7389aba39,hierarchical,2,1
c195a47a1a41,hierarchical,2,1
b0d2c4162458,hierarchical,2,0
4a5c43f181e5,hierarchical,2,0
db4e7a4fe438,hierarchical,2,0
b6b00ee798f0,hierarchical,2,1
cf0e8bf0f5d3,hierarchical,2,1
4a9a8f6896ef,hierarchical,2,1
9716ee35235b,hierarchical,2,1
de5e71ae6d03,hierarchical,2,1
8a821dac946e,hierarchical,2,0
c70028c7277b,hierarchical,2,1
26efa3d0f87a,hierarchical,2,1
b886fc0d853b,hierarchical,2,0
2a71b405b665,hierarchical,2,1
a00e12064313,hierarchical,2,1
b32d7d16ecbb,hierarchical,2,1
081e4a1d2828,hierarchical,2,1
aa8d7516e477,hierarchical,2,1
052c072e5473,hierarchical,2,1
e3253330e56d,hierarchical,2,1
f7fc3b71059b,hierarchical,2,1
feb6c4c582e9,hierarchical,2,0
9009f5684dde,hierarchical,2,1
c40d12166c3d,hierarchical,2,1
2d18f2ccad0d,hierarchical,2,0
8758b9112998,hierarchical,2,0
e1e95c7bffb4,hierarchical,2,1
4239d46569f8,hierarchical,2,0
34de111120de,hierarchical,2,0
69011e800eb9,hierarchical,2,1
4c1d8b1f7199,hierarchical,2,1
6e401f2a9523,hierarchical,2,1
111dc9fb08c8,hierarchical,2,1
c2a449f3aa13,hierarchical,2,1
36c6d34d8540,hierarchical,2,0
1b6159713abc,hierarchical,2,1
c7845805e7e1,hierarchical,2,1
f3b67e18ac18,hierarchical,2,0
1b17a8828106,hierarchical,2,1
08ec41654875,hierarchical,2,0
b440c4bccc88,hierarchical,2,1
558eaef5a93e,hierarchical,2,0
dc8602ca96a0,hierarchical,2,0
a1f2d43b3ade,hierarchical,2,1
489b54849c63,hierarchical,2,1
290f8ef1a2d9,hierarchical,2,1
23b3ed0a4aee,hierarchical,2,1
f28a7ad6b970,hierarchical,2,1
17417f8c3d35,hierarchical,2,1
854f70d2c56a,hierarchical,2,0
40480270e732,hierarchical,2,1
37c690a2d077,hierarchical,2,0
1d1b84fded24,hierarchical,2,1
cd77a9bd378c,hierarchical,2,0
2359b8577e23,hierarchical,2,0
de51f803685b,hierarchical,2,1
2452513a82ac,hierarchical,2,0
eb244f6fde7c,hierarchical,2,1
b42de17b2962,hierarchical,2,1
980aef90df6a,hierarchical,2,1
f3ea08a5dd69,hierarchical,2,1
08a8aef1efb7,hierarchical,2,0
da867616af2c,hierarchical,2,0
784c628c4979,hierarchical,2,0
13ada8cd8137,hierarchical,2,1
af122816ed12,hierarchical,2,0
5769e8c88621,hierarchical,2,0
ef49f606fbf3,hierarchical,2,0
5f700545e946,hierarchical,2,0
c7b13135d384,hierarchical,2,0
e362532a133b,hierarchical,2,0
e872024bb285,hierarchical,2,0
e51400b733c7,hierarchical,2,0
235d9079694f,hierarchical,2,1
15dd161a1de6,hierarchical,2,0
8c36f946fa39,hierarchical,2,0
2dd7bc6bd0e0,hierarchical,2,0
e0af9d46dd7f,hierarchical,2,0
394682cbb820,hierarchical,2,1
5ad67bdb9fc2,hierarchical,2,1
a9e4c769b7fd,hierarchical,2,1
24f77e2cd27d,hierarchical,2,0
edc34b3a6c3d,hierarchical,2,1
b0530887123f,hierarchical,2,0
1d7d57f3c2b6,hierarchical,2,1
79cf3ff76ed2,hierarchical,2,1
677ae3988090,hierarchical,2,1
066a09c56ae6,hierarchical,2,0
1397d7954ce7,hierarchical,2,0
6bcbd207f61e,hierarchical,2,0
a34a1ea0035b,hierarchical,2,1
5e051bff8b77,hierarchical,2,0
ff821b733ed1,hierarchical,2,0
656eeb676cdb,hierarchical,2,0
0a0ca22c859d,hierarchical,2,1
5d93ed99436d,hierarchical,2,0
c3d41fcbbffc,hierarchical,2,1
ffd4c9e91690,hierarchical,2,0
093cf715379b,hierarchical,2,0
e0fa6cd54e79,hierarchical,2,0
4f969eb75ed1,hierarchical,2,1
4fd5d6b84ab4,hierarchical,2,1
8dea7f07dac4,hierarchical,2,1
ceece08ec30c,hierarchical,2,1
90810ea0ff9b,hierarchical,2,1
d6015ccd6f2a,hierarchical,2,1
edd0004b8711,hierarchical,2,1
6b0f31498997,hierarchical,2,0
ed191c6d086d,hierarchical,2,1
16c4f9488097,hierarchical,2,0
53f53181b923,hierarchical,2,1
4a42f241a965,hierarchical,2,0
753ea2ec3b76,hierarchical,2,1
97a2a24cf1ac,hierarchical,2,1
7a023b9a699a,hierarchical,2,0
1d66aadb3087,hierarchical,2,1
fe2ea62e970c,hierarchical,2,0
bbb167581c9e,hierarchical,2,1
5983d3bde094,hierarchical,2,0
015e855f7412,hierarchical,2,0
301dc5df9e1a,hierarchical,2,1
1da6b3261366,hierarchical,2,1
908350ab2caf,hierarchical,2,1
0297326556d0,hierarchical,2,1
5333c0ee2293,hierarchical,2,1
f9ba126f7577,hierarchical,2,0
c2a5e6736cf8,hierarchical,2,1
713b74a9fb64,hierarchical,2,0
7baeb45178c4,hierarchical,2,0
498e8ec8d6fe,hierarchical,2,1
2be57d9e9071,hierarchical,2,0
989023c5016d,hierarchical,2,1
f96245648e19,hierarchical,2,1
9cf2a95b1d8a,hierarchical,2,0
cc79a583ad2a,hierarchical,2,0
f8986418ea55,hierarchical,2,1
44b609a292c1,hierarchical,2,0
71e0541594df,hierarchical,2,0
d4379462da61,hierarchical,2,0
3c264c30d42a,hierarchical,2,1
860c24709bc5,hierarchical,2,1
60edbfa3c029,hierarchical,2,0
fd431d5d227d,hierarchical,2,0
a7e5f85ff20f,hierarchical,2,1
e03327b64281,hierarchical,2,1
b38820b6c407,hierarchical,2,0
f89cf3e19267,hierarchical,2,0
824f5ede2834,hierarchical,2,0
37e2b1e3c072,hierarchical,2,1
632dae81c229,hierarchical,2,0
f38740766c7d,hierarchical,2,1
abb0333f1826,hierarchical,2,1
9c9ff750e24a,hierarchical,2,0
d10b02f13579,hierarchical,2,1
495196c0b96c,hierarchical,2,0
02dfbb012d54,hierarchical,2,1
dc9fb4ec0eb8,hierarchical,2,1
2036bee97859,hierarchical,2,1
47dab789e252,hierarchical,2,1
043fe1cc9b15,hierarchical,2,1
9aa5612d579c,hierarchical,2,0
aca22c0b754d,hierarchical,2,1
d981137bec70,hierarchical,2,1
be5921ef5796,hierarchical,2,1
0a9f2b1eb270,hierarchical,2,0
b967b59b1d65,hierarchical,2,0
1d3f78ace976,hierarchical,2,0
4cf9f2b22272,hierarchical,2,1
51cb174c4c2d,hierarchical,2,0
42ed376b70cc,hierarchical,2,1
17b4c6ee6a7b,hierarchical,2,1
a6dee822b480,hierarchical,2,1
224e7eed53ee,hierarchical,2,0
f800f8e797c7,hierarchical,2,1
97397b5013e5,hierarchical,2,0
c6c3f0825e9a,hierarchical,2,0
2773677608f0,hierarchical,2,0
1d56fc586747,hierarchical,2,1
60032d08fe7c,hierarchical,2,1
8d6c32d34649,hierarchical,2,0
f8617dfffa84,hierarchical,2,1
64c7531f1f28,hierarchical,2,0
3600aca2e74c,hierarchical,2,0
efe4ebc3ce0c,hierarchical,2,0
2341c6362bff,hierarchical,2,1
45a9b1f46732,hierarchical,2,0
882516b12301,hierarchical,2,1
d3c954c4b045,hierarchical,2,0
ae768f372948,hierarchical,2,0
2cf0963c0d6b,hierarchical,2,1
9f82b111e936,hierarchical,2,1
89ce38debe35,hierarchical,2,1
d509ae409da0,hierarchical,2,1
d32458ba0b75,hierarchical,2,1
854b835c4459,hierarchical,2,1
1e5ffa20908c,hierarchical,2,0
09f0567f5e01,hierarchical,2,0
bf21ab2e0c7f,hierarchical,2,0
1f27f04d0ec1,hierarchical,2,0
7deb0c02eec8,hierarchical,2,1
53c1985940c4,hierarchical,2,0
aa1545bb620d,hierarchical,2,0
85f32c060421,hierarchical,2,1
ee7649aebbd3,hierarchical,2,0
e9db18905254,hierarchical,2,1
00af3ae6283b,hierarchical,2,1
0852198eb5db,hierarchical,2,1
cd999108ca3b,hierarchical,2,1
87e17719b591,hierarchical,2,0
6960ed5d6de0,hierarchical,2,1
64fc66aa07e7,hierarchical,2,1
132138f5acbb,hierarchical,2,1
19a6a0ffdb39,hierarchical,2,0
a5cac1e1138f,hierarchical,2,1
2b5dde0a9784,hierarchical,2,0
b44615b20a99,hierarchical,2,1
3f4c9f2c4d00,hierarchical,2,1
e44df5b25229,hierarchical,2,1
bc727066fa74,hierarchical,2,0
a19a0c235ae8,hierarchical,2,1
8279397a028d,hierarchical,2,1
20e5542944b5,hierarchical,2,1
6319e262c292,hierarchical,2,1
2f7511715c88,hierarchical,2,0
edb1133e9d75,hierarchical,2,1
e42834bf99dd,hierarchical,2,1
ecb70c401ba5,hierarchical,2,1
844ab8bb2f7e,hierarchical,2,0
49a4e62c97fe,hierarchical,2,1
dd9821d69edf,hierarchical,2,1
e4d9903e3097,hierarchical,2,1
efc46803f73a,hierarchical,2,1
dd38f7376880,hierarchical,2,0
b1f21eaad4c0,hierarchical,2,0
35de9401de64,hierarchical,2,0
fb937ed3802e,hierarchical,2,0
b262aed1217e,hierarchical,2,1
6d8dc5c078a6,hierarchical,2,1
38cee92b065f,hierarchical,2,0
f6e6a8738f98,hierarchical,2,1
3be50ddfe672,hierarchical,2,1
155256bb1944,hierarchical,2,0
ce300d82f677,hierarchical,2,1
e955aa3c79c2,hierarchical,2,1
ea9c1b2c025b,hierarchical,2,0
29761c512843,hierarchical,2,0
278690b4176c,hierarchical,2,1
d32394928f18,hierarchical,2,0
b99446564f14,hierarchical,2,0
f6251d7d74f2,hierarchical,2,0
343c84605d84,hierarchical,2,0
a369ea8f8860,hierarchical,2,1
77c18a818920,hierarchical,2,1
055cef6b7562,hierarchical,2,1
784e244ec319,hierarchical,2,0
e6be938322d5,hierarchical,2,1
acf33d393ade,hierarchical,2,0
bc68824d6652,hierarchical,2,1
f3573a48597f,hierarchical,2,0
c05727b8d1bf,hierarchical,2,1
313d553c7d7e,hierarchical,2,1
2651bad92999,hierarchical,2,1
be82d43f76b5,hierarchical,2,0
0d0aa1a4cef1,hierarchical,2,1
e7c9bd1c65ff,hierarchical,2,0
a691f167bcd1,hierarchical,2,0
60de46492870,hierarchical,2,1
870ce6ff6bec,hierarchical,2,1
a96994f10702,hierarchical,2,0
aef421a03f0a,hierarchical,2,0
11d80d469291,hierarchical,2,1
c847041698b0,hierarchical,2,0
cfd55ee04865,hierarchical,2,1
74e5810062f7,hierarchical,2,0
e3c61ba2348c,hierarchical,2,1
538d36019bf8,hierarchical,2,1
ce05c748454f,hierarchical,2,0
bfe2b6d573f7,hierarchical,2,1
d209b182fc10,hierarchical,2,0
5e0e23d339d8,hierarchical,2,0
2a7646037a29,hierarchical,2,1
21d5bb7d6347,hierarchical,2,0
0a6cc340abad,hierarchical,2,1
4fb2bee931b5,hierarchical,2,0
f224068222f7,hierarchical,2,1
04c86e861dc1,hierarchical,2,1
5e779c615732,hierarchical,2,0
7cd883d65b06,hierarchical,2,1
b38c8408d846,hierarchical,2,0
75e758c2a32f,hierarchical,2,1
ecb4a05554a0,hierarchical,2,1
7d701e7dd42e,hierarchical,2,1
d5310b2ac190,hierarchical,2,1
8f0c0fcea9e9,hierarchical,2,1
5ff909819ad2,hierarchical,2,0
3b1fc460c2b7,hierarchical,2,0
271012fe0911,hierarchical,2,1
94f376ab2363,hierarchical,2,1
14ddba24e653,hierarchical,2,1
731ed25df393,hierarchical,2,1
c0f4ea8d3262,hierarchical,2,0
c10b7ed034ec,hierarchical,2,1
55c683136817,hierarchical,2,1
9fb024e9a9cd,hierarchical,2,0
e3c5bb2be32b,hierarchical,2,1
ac960e11925a,hierarchical,2,1
5d3a9ab3cadd,hierarchical,2,0
8de4ac5ba199,hierarchical,2,0
3303e6ac1454,hierarchical,2,1
bd4d77b820c6,hierarchical,2,1
164ea748b2c2,hierarchical,2,1
ced9a2f50e6a,hierarchical,2,1
a3c99e45d0e2,hierarchical,2,1
54ca63b8d226,hierarchical,2,1
932635948923,hierarchical,2,0
b2d86452adc2,hierarchical,2,0
9990b3a98e69,hierarchical,2,1
60bff3fb7b25,hierarchical,2,1
45f100216947,hierarchical,2,1
977cf245ae54,hierarchical,2,0
426b98137bcd,hierarchical,2,1
5d15feff4d5e,hierarchical,2,1
d686cc911636,hierarchical,2,0
b493160c1a22,hierarchical,2,0
864da380b8da,hierarchical,2,1
83e807d083f2,hierarchical,2,1
7193b0fe6e86,hierarchical,2,0
8d9047d9e23a,hierarchical,2,0
fe51502093fd,hierarchical,2,1
ed3f17db3b69,hierarchical,2,0
6ee919e97fed,hierarchical,2,0
4af4101a4ed2,hierarchical,2,1
aa982feba760,hierarchical,2,0
016a4a0f0d92,hierarchical,2,0
91bf2483dec9,hierarchical,2,1
3c205a60d068,hierarchical,2,1
c57b8d91f032,hierarchical,2,1
d6a5c98da0e8,hierarchical,2,1
0115f8a3d576,hierarchical,2,0
406c54681c86,hierarchical,2,0
f0d8bf6f24bf,hierarchical,2,1
c49746e3b12e,hierarchical,2,1
9893b542403c,hierarchical,2,1
26d12e3ebd1e,hierarchical,2,1
1503878c7bc0,hierarchical,2,1
163b76297c77,hierarchical,2,1
600dad4df0ca,hierarchical,2,1
2d8f2252855c,hierarchical,2,0
87b105ed70c6,hierarchical,2,0
616f82abb2cc,hierarchical,2,1
cc41551e4363,hierarchical,2,1
ad813e3739b0,hierarchical,2,1
d078ba8c5f9a,hierarchical,2,1
26daaa521a0b,hierarchical,2,1
59635aff0e13,hierarchical,2,1
2ec0cb313dcf,hierarchical,2,1
f23337d9a46f,hierarchical,2,0
e33d9aec3f9b,hierarchical,2,1
799c5c35fccb,hierarchical,2,0
8d5c7356c7ae,hierarchical,2,0
a2a7394dd0b2,hierarchical,2,0
0635a5b43e92,hierarchical,2,0
2ca4a95a05a2,hierarchical,2,0
207c62cb8140,hierarchical,2,1
adf5bd6fa3c7,hierarchical,2,1
52541210555c,hierarchical,2,1
d2191bad412b,hierarchical,2,0
7d27ee19b524,hierarchical,2,1
698a5a0b0180,hierarchical,2,0
596030fef93e,hierarchical,2,1
492a0f0f8c54,hierarchical,2,0
ae7a94e69d1d,hierarchical,2,0
bdf0b223fc53,hierarchical,2,1
e5470cfabfc3,hierarchical,2,1
d05a94edf752,hierarchical,2,1
d29e7f55b9a6,hierarchical,2,1
9da6e684fed0,hierarchical,2,0
febfedbf32a7,hierarchical,2,1
8faedede5298,hierarchical,2,1
75900d8cc2dd,hierarchical,2,0
77912914b944,hierarchical,2,0
4c849d376332,hierarchical,2,0
02575ba6c980,hierarchical,2,1
86ed033dff57,hierarchical,2,1
e19ae96731b6,hierarchical,2,0
5d9fd5f438aa,hierarchical,2,1
27cab63f49f9,hierarchical,2,0
3a2768d8fbe3,hierarchical,2,1
8aec44220e63,hierarchical,2,0
b9939ab84aab,hierarchical,2,0
435754b2a097,hierarchical,2,1
45ee47db0b36,hierarchical,2,1
0482496b2f92,hierarchical,2,1
8e14085ada58,hierarchical,2,1
7db9bbbeb2c8,hierarchical,2,1
670ca52a24c4,hierarchical,2,0
ce1d79ec7247,hierarchical,2,0
43cd60313665,hierarchical,2,1
341ef0c2da76,hierarchical,2,1
bd56d83d073c,hierarchical,2,1
0103fe0f628f,hierarchical,2,1
70b54322c382,hierarchical,2,0
45be29dd302f,hierarchical,2,0
5f1c089c5b18,hierarchical,2,1
845c36347272,hierarchical,2,0
1bee2afb3557,hierarchical,2,0
58794f5c0252,hierarchical,2,1
412d86362096,hierarchical,2,1
b62bc155602d,hierarchical,2,1
e29e547d02fa,hierarchical,2,1
35cb1431e768,hierarchical,2,0
a82ee19220b5,hierarchical,2,1
8fd21eb5464c,hierarchical,2,1
f9121e1f62e5,hierarchical,2,1
c8fe42b2921b,hierarchical,2,1
dad5a56973b0,hierarchical,2,0
f68a2f6ff9a0,hierarchical,2,0
54ad2624ad8d,hierarchical,2,1
e1152ff3283b,hierarchical,2,1
f0d2e5c8c897,hierarchical,2,1
5ae5aeb06988,hierarchical,2,1
c52b4fa97083,hierarchical,2,0
8dbc7b583363,hierarchical,2,1
f30b0835ba2f,hierarchical,2,1
a02ec2c24943,hierarchical,2,1
fe71a98ef10d,hierarchical,2,0
5bdded78b387,hierarchical,2,0
ab3987df782e,hierarchical,2,1
15c63a8cff93,hierarchical,2,0
796ae60079e2,hierarchical,2,0
ae094633ca15,hierarchical,2,1
2089b2990667,hierarchical,2,1
3b8ff0c4f402,hierarchical,2,0
b86c389c5deb,hierarchical,2,0
4b19af42cef6,hierarchical,2,0
2b236ff323e0,hierarchical,2,1
f1f9c8edf6fb,hierarchical,2,1
5eb77d95369c,hierarchical,2,1
27475de623ca,hierarchical,2,1
4ca9c8b36369,hierarchical,2,0
502150e46893,hierarchical,2,1
050c978f7aa5,hierarchical,2,1
195938573d5b,hierarchical,2,1
04e55973c1c7,hierarchical,2,0
15ff204a31fd,hierarchical,2,1
c30df82bc273,hierarchical,2,1
2c4faeae7f20,hierarchical,2,0
8701386a8ecb,hierarchical,2,0
daf3d8b1220c,hierarchical,2,1
3d7ef3da9ecb,hierarchical,2,0
bc642c031ee7,hierarchical,2,0
68d79b53f463,hierarchical,2,1
aa8d988e0704,hierarchical,2,1
fb5226784277,hierarchical,2,0
730e693b3e59,hierarchical,2,1
8ba05599e31e,hierarchical,2,1
40ace406bbd5,hierarchical,2,1
02fb600d1d3b,hierarchical,2,0
f27a5c108454,hierarchical,2,1
2ecaa0278867,hierarchical,2,0
2777cd9cb06d,hierarchical,2,1
9b5cf58da426,hierarchical,2,0
f71a04a0a3f7,hierarchical,2,1
ca74fd8ebbba,hierarchical,2,1
b39c5ed8fba2,hierarchical,2,0
0bbeab764f8a,hierarchical,2,0
1c8aaa2555d7,hierarchical,2,1
c8b87d4f303b,hierarchical,2,1
42adb05f4c19,hierarchical,2,1
7a7b7824babf,hierarchical,2,1
299676d4cba9,hierarchical,2,1
a57fb5f9eb38,hierarchical,2,1
567c41667649,hierarchical,2,0
b05dcb7ded9d,hierarchical,2,1
74f9c2d8bf59,hierarchical,2,0
5a654343818a,hierarchical,2,0
1b4f042993c4,hierarchical,2,1
3d7f611a2afe,hierarchical,2,0
fa52108241f1,hierarchical,2,1
96ded29b2784,hierarchical,2,1
46cd31f478d8,hierarchical,2,1
b004e6282254,hierarchical,2,0
bd94adadec86,hierarchical,2,0
3c2d67622f17,hierarchical,2,1
27b19b361fda,hierarchical,2,0
07d1b7fc0cc7,hierarchical,2,1
9685c0135dbd,hierarchical,2,1
ffe7558877c3,hierarchical,2,1
3200edf45e15,hierarchical,2,0
b8a11614090a,hierarchical,2,0
12a59ce5302f,hierarchical,2,1
24551794971c,hierarchical,2,1
1d9ba6933780,hierarchical,2,1
26a3a5466b17,hierarchical,2,1
36c529042fbc,hierarchical,2,1
df7c9d3d3ecb,hierarchical,2,1
755c6850dcd3,hierarchical,2,0
9ca67a24e647,hierarchical,2,0
8d481d463b81,hierarchical,2,1
1b6449ad4332,hierarchical,2,0
698ffcfd5c17,hierarchical,2,0
3b49fdc1c57e,hierarchical,2,1
a2895c2ee0c7,hierarchical,2,1
367fda42cf50,hierarchical,2,1
7caf1cebc3d2,hierarchical,2,0
8881abe07db8,hierarchical,2,0
ef194ce33be2,hierarchical,2,0
709f9cbe285b,hierarchical,2,1
5c7020274acb,hierarchical,2,1
6c209161d059,hierarchical,2,1
bb17da2c8071,hierarchical,2,0
f67c7a7ea59b,hierarchical,2,0
2ab513bae6d4,hierarchical,2,0
0ef8cb7d5d52,hierarchical,2,0
915c7c5eecee,hierarchical,2,0
0dd65f844067,hierarchical,2,0
90415aa5d0ee,hierarchical,2,1
da69342492e2,hierarchical,2,1
430a1fe6cc1f,hierarchical,2,1
779f44957904,hierarchical,2,0
410c5ac01a71,hierarchical,2,1
fc4c59195af2,hierarchical,2,1
362fa8cb91cb,hierarchical,2,1
3f505524532b,hierarchical,2,1
fc5ee75f0aab,hierarchical,2,1
ece035c0486e,hierarchical,2,0
1cc4ea7b0ee0,hierarchical,2,1
c20c5a39f782,hierarchical,2,1
11fe0bb5bb95,hierarchical,2,1
804bcbd361e3,hierarchical,2,1
68a892c595f5,hierarchical,2,0
0c4f77064093,hierarchical,2,1
fb7863989cbd,hierarchical,2,1
b7f05ed150b5,hierarchical,2,1
4daf4e9aeca8,hierarchical,2,0
b5c571ab3a9c,hierarchical,2,0
abda5f691cba,hierarchical,2,0
75fd0b80ffd0,hierarchical,2,1
037e4717b544,hierarchical,2,1
d5196c54fae6,hierarchical,2,0
7c5b2c3f4cdb,hierarchical,2,0
e775c3dd78d6,hierarchical,2,0
003c91fead41,hierarchical,2,0
914df0b2f084,hierarchical,2,1
c8422346a1c3,hierarchical,2,1
8c2cbd4500c3,hierarchical,2,0
a26577b601f2,hierarchical,2,0
afcd6d236398,hierarchical,2,1
021b26c5c033,hierarchical,2,0
d0088820131f,hierarchical,2,1
e9be1c5d317f,hierarchical,2,1
94028e3486fe,hierarchical,2,0
d2bfb03c0e1a,hierarchical,2,1
3f8b39a0a392,hierarchical,2,0
888d2cec4116,hierarchical,2,0
382efa06f70b,hierarchical,2,1
28d8711a56f8,hierarchical,2,1
ed064c45b676,hierarchical,2,1
6d3351835cfd,hierarchical,2,1
5ac8104496cc,hierarchical,2,1
d0e063bfa731,hierarchical,2,0
26b1d8bc81d9,hierarchical,2,1
e950688a1bee,hierarchical,2,1
0a12aebfa66c,hierarchical,2,1
8aa8effa78f4,hierarchical,2,1
9ae09d31529b,hierarchical,2,1
0b165217635b,hierarchical,2,1
05767ae2aeae,hierarchical,2,0
b5c86d80487d,hierarchical,2,1
2fb9cef7459f,hierarchical,2,1
de053f490972,hierarchical,2,1
cc6e5cf840b8,hierarchical,2,1
235718419a94,hierarchical,2,0
cd40342c1d7d,hierarchical,2,1
45e40c413abf,hierarchical,2,1
c88b7cbaab96,hierarchical,2,0
7ad9a1a05ead,hierarchical,2,1
6ac9288c0439,hierarchical,2,1
c5106e6951de,hierarchical,2,0
f27c8424b745,hierarchical,2,1
75e92e2eda3d,hierarchical,2,0
f503486957f3,hierarchical,2,1
ee43f290d625,hierarchical,2,0
a7daf6eb16b1,hierarchical,2,1
d868ad6d18ee,hierarchical,2,0
1e47fc4c3f73,hierarchical,2,1
20146cc40856,hierarchical,2,1
2f705acf7500,hierarchical,2,1
1ab2cd01bcb5,hierarchical,2,0
ecd24d3f1403,hierarchical,2,0
34c2d94da700,hierarchical,2,1
b4bf86e03d9d,hierarchical,2,1
693bdc5482b2,hierarchical,2,1
65cb2dd6fa98,hierarchical,2,1
ae43b8766052,hierarchical,2,0
61565249aeab,hierarchical,2,0
ab5513e96b2b,hierarchical,2,0
8a0268f51447,hierarchical,2,0
beac7e884b18,hierarchical,2,0
918bec003a5a,hierarchical,2,1
bb7768d6748c,hierarchical,2,1
0ba969ac9961,hierarchical,2,1
623d3192d46f,hierarchical,2,0
cf521863dd22,hierarchical,2,0
9b6d37e31710,hierarchical,2,1
9a8af4347353,hierarchical,2,1
dafeccf053a1,hierarchical,2,1
e6fb7d3f8110,hierarchical,2,0
779cf618a90b,hierarchical,2,0
b734b9ae2532,hierarchical,2,1
503f77772dc9,hierarchical,2,0
26a0c6e0891f,hierarchical,2,1
6df2e1505715,hierarchical,2,0
6733fbd31501,hierarchical,2,1
9c0a2ddca15c,hierarchical,2,0
2241c1d06ac1,hierarchical,2,1
82f1d36fe1f8,hierarchical,2,0
6e9ece07d046,hierarchical,2,1
b58ebe74a5fe,hierarchical,2,1
7c4faec0f1ae,hierarchical,2,0
635cee745389,hierarchical,2,0
d2dc6c524acf,hierarchical,2,0
415ed833d65f,hierarchical,2,0
74792b1f8eb1,hierarchical,2,1
a5df96189195,hierarchical,2,1
13077d51672c,hierarchical,2,1
8a2fea65c9f5,hierarchical,2,0
435cfc776601,hierarchical,2,0
e5e5836c1d09,hierarchical,2,0
6604b4c4d1c0,hierarchical,2,0
d9e27533bbe0,hierarchical,2,0
a84b99e202c0,hierarchical,2,0
4a542fbcb412,hierarchical,2,1
b8294716a840,hierarchical,2,1
5c3b7f17cb78,hierarchical,2,0
2cc08f5e354b,hierarchical,2,0
265c1bde8e16,hierarchical,2,1
06fb8436d211,hierarchical,2,1
94d5dfbb39b0,hierarchical,2,0
11bbc26a8ae5,hierarchical,2,0
e7dd07f0fcb7,hierarchical,2,1
5fd4027fdbfc,hierarchical,2,0
9ce01b926a20,hierarchical,2,0
c25195951c34,hierarchical,2,0
1dff9e0bf6d9,hierarchical,2,1
1a10173459b2,hierarchical,2,0
df07b45aef40,hierarchical,2,1
acfa78c8f6a8,hierarchical,2,0
681a0fb72dbe,hierarchical,2,1
4daaff78b1ee,hierarchical,2,0
97b2a63f0dba,hierarchical,2,0
6533b64edc25,hierarchical,2,1
a1e4a44d6fad,hierarchical,2,0
a31cf338e318,hierarchical,2,1
25b8e545a9ce,hierarchical,2,0
4fad09c49037,hierarchical,2,1
4849132fbf50,hierarchical,2,1
93b5a7ad7841,hierarchical,2,1
55aaf516ab86,hierarchical,2,0
17ad1f0ec22c,hierarchical,2,1
de336e22401e,hierarchical,2,1
f39282acf863,hierarchical,2,0
b9b3ee196186,hierarchical,2,1
ebc9a8bf1178,hierarchical,2,1
1df2b539f6ad,hierarchical,2,0
4112fdbe26dc,hierarchical,2,0
705bcdef1b7b,hierarchical,2,1
56cc12af0086,hierarchical,2,1
829200b4ab94,hierarchical,2,1
8213ed529268,hierarchical,2,0
f0ad80152398,hierarchical,2,1
520635a7564c,hierarchical,2,1
1aee30272d15,hierarchical,2,0
4cbe4f0cd5a1,hierarchical,2,0
68a8c9b61b17,hierarchical,2,1
01e2024418af,hierarchical,2,0
d746a23dc601,hierarchical,2,1
9a4ec2498fe7,hierarchical,2,0
51bd1e2c64ac,hierarchical,2,0
542ba520d2d4,hierarchical,2,1
01342793a57c,hierarchical,2,1
502fc2255295,hierarchical,2,0
46bae806fc34,hierarchical,2,1
43ce84ea28c2,hierarchical,2,1
d6539915be23,hierarchical,2,0
3f5799c0ac5d,hierarchical,2,0
d168f1e0983b,hierarchical,2,1
27f56592126b,hierarchical,2,1
5eb0d57e5ebf,hierarchical,2,0
59782fa6a28a,hierarchical,2,1
89ac25141742,hierarchical,2,1
69a10a57c25c,hierarchical,2,1
0ace4e865f56,hierarchical,2,1
1b7a8e3dbba2,hierarchical,2,1
6ca433da2afd,hierarchical,2,0
722371fc7f84,hierarchical,2,1
51c42b2ae938,hierarchical,2,1
ab3b0016d63b,hierarchical,2,1
97312029e58a,hierarchical,2,1
82fb43ac175a,hierarchical,2,0
e7d9b39c83a7,hierarchical,2,1
7aaabd2325c6,hierarchical,2,1
90fae3cb2b63,hierarchical,2,0
691e8e23f63c,hierarchical,2,1
6cd49f0a7b70,hierarchical,2,0
6645a4dfbd91,hierarchical,2,1
1f07fe3e9244,hierarchical,2,1
4d7ce84e9401,hierarchical,2,1
7a07ae29f537,hierarchical,2,0
36bf2a4f6132,hierarchical,2,0
5962a065f6c5,hierarchical,2,1
d955684efcf0,hierarchical,2,1
f5af496d2b1d,hierarchical,2,1
6d911ca91be6,hierarchical,2,1
eebb0a2e6137,hierarchical,2,0
de7aacc73537,hierarchical,2,0
68776187c8ba,hierarchical,2,1
3d3d454f51ab,hierarchical,2,0
7c462204416f,hierarchical,2,1
b05ca82d6cb1,hierarchical,2,1
789c40faa0f7,hierarchical,2,0
50b936b435a9,hierarchical,2,1
c76ab10af3f5,hierarchical,2,1
c987682a0c89,hierarchical,2,0
978c7f2d68d9,hierarchical,2,0
d26da039e50f,hierarchical,2,1
e1463360b90d,hierarchical,2,0
b573f5830e30,hierarchical,2,0
d55933797b56,hierarchical,2,0
f4c27812dc45,hierarchical,2,0
9f0bf9ecd1ae,hierarchical,2,0
8bf397a6ba8b,hierarchical,2,1
158d9b3ea070,hierarchical,2,1
7f8742e67e56,hierarchical,2,1
595b82ccbb1c,hierarchical,2,0
b1dc6eebbe38,hierarchical,2,0
57979b6c7892,hierarchical,2,0
06e0e7787e5f,hierarchical,2,1
08e41c8d8d44,hierarchical,2,1
a93ea6176c1a,hierarchical,2,0
ee7044cb65ad,hierarchical,2,0
77c5e38faadb,hierarchical,2,1
2b3a523fb89b,hierarchical,2,1
e301bc67ad78,hierarchical,2,0
6bb78072c4d9,hierarchical,2,0
501b8492e03a,hierarchical,2,0
1eb3465ab20a,hierarchical,2,1
da02afbd72f3,hierarchical,2,1
12bda18c4ad5,hierarchical,2,0
d0b9d4ff24d9,hierarchical,2,0
904905eec60a,hierarchical,2,0
2671b7598993,hierarchical,2,1
606b6d4b931e,hierarchical,2,0
2be2bb6dbb5f,hierarchical,2,1
5873a9630cd9,hierarchical,2,0
a88511f918eb,hierarchical,2,0
68b6fd698529,hierarchical,2,1
603c48d74afe,hierarchical,2,1
a224f1cb8d3f,hierarchical,2,1
677514850e7f,hierarchical,2,1
fe06eb51f762,hierarchical,2,1
4be9a9b75c86,hierarchical,2,1
40bfc3690b70,hierarchical,2,0
4e6c545cab48,hierarchical,2,0
bfc6ad384ba5,hierarchical,2,0
2189583113e5,hierarchical,2,1
aae5f01389df,hierarchical,2,0
2da3434441cc,hierarchical,2,1
357067b1b2c9,hierarchical,2,1
17466f04cc2a,hierarchical,2,1
87a671dadd79,hierarchical,2,0
8708896efdc0,hierarchical,2,1
99b858319551,hierarchical,2,0
74a79ea42b6f,hierarchical,2,0
acc4253dbc82,hierarchical,2,0
11002e95926d,hierarchical,2,1
2c518d19f9fd,hierarchical,2,1
610c4089f89a,hierarchical,2,0
4051e0f5970a,hierarchical,2,1
01e134d0b885,hierarchical,2,1
55ed34c0229c,hierarchical,2,1
f8a841bd35cd,hierarchical,2,0
658178b67bf3,hierarchical,2,1
406a6bc15562,hierarchical,2,1
d6d8a0d737e8,hierarchical,2,1
25792c5da171,hierarchical,2,1
a8a057bb0be7,hierarchical,2,1
0215514bda3e,hierarchical,2,1
cddf3406926c,hierarchical,2,1
36fcdd838e85,hierarchical,2,0
f9d64c6427e3,hierarchical,2,0
365f506721a1,hierarchical,2,1
6ba29906b135,hierarchical,2,1
4d025bade328,hierarchical,2,1
35773831bd9f,hierarchical,2,0
89cc417dcd98,hierarchical,2,1
bcf249ffa024,hierarchical,2,1
b44a68ea9070,hierarchical,2,0
90d576829ebe,hierarchical,2,0
f04917c1cfe1,hierarchical,2,1
529df30f6ff3,hierarchical,2,1
b83a095428ec,hierarchical,2,1
f46b31d53324,hierarchical,2,1
e9b7a882f353,hierarchical,2,0
4603192a4486,hierarchical,2,1
ef6d6cfa2a6e,hierarchical,2,1
a98622a0b9b5,hierarchical,2,0
3f4acfe86aa1,hierarchical,2,1
99903eba6199,hierarchical,2,0
5bfa8b11cec9,hierarchical,2,0
7a6b07697541,hierarchical,2,0
ad3b6f16d17d,hierarchical,2,0
909db8d51dc1,hierarchical,2,1
590bb88150ba,hierarchical,2,0
8510bd06628a,hierarchical,2,1
3c0ca844ef5d,hierarchical,2,0
63d119a9ae77,hierarchical,2,0
5b676e170a58,hierarchical,2,1
7809d11ff6e3,hierarchical,2,1
a7ae76c0d2a6,hierarchical,2,1
397213358827,hierarchical,2,1
6e64a48355b2,hierarchical,2,1
9dfc7e3049ba,hierarchical,2,0
32782ba99dc7,hierarchical,2,1
15f02082e0d7,hierarchical,2,0
514370cf094b,hierarchical,2,1
f71119d6f424,hierarchical,2,1
e063e9818f04,hierarchical,2,0
ade7b83b1363,hierarchical,2,1
b5afb85b6058,hierarchical,2,1
2d8cfed8598c,hierarchical,2,1
fc908d195462,hierarchical,2,0
93893467e75f,hierarchical,2,0
3c0084c2bc33,hierarchical,2,0
008bae3e7743,hierarchical,2,1
98f8d1bcd007,hierarchical,2,1
ef51a4e956a2,hierarchical,2,1
ceeda54e1b5b,hierarchical,2,1
db325728428d,hierarchical,2,1
7940ffccef4f,hierarchical,2,1
1b3093aaab2f,hierarchical,2,0
f85673083386,hierarchical,2,1
e1afef6e77b1,hierarchical,2,1
5e76d6e5dbbb,hierarchical,2,0
405d821da3f4,hierarchical,2,0
effd6785c22a,hierarchical,2,0
5208ebcbfdaf,hierarchical,2,1
3394a59f3871,hierarchical,2,1
3242ceea2b6d,hierarchical,2,1
35253168c9ba,hierarchical,2,0
598c0d226bec,hierarchical,2,1
5e052ac91c7f,hierarchical,2,0
2969d917aee0,hierarchical,2,1
0096be25b40a,hierarchical,2,1
5a9fe3123268,hierarchical,2,1
d5d5f72b0659,hierarchical,2,1
45c7180b8a89,hierarchical,2,1
e8538cb92ff8,hierarchical,2,1
55962ea5863f,hierarchical,2,0
af63c4ead3ab,hierarchical,2,0
6a436ef76f42,hierarchical,2,0
e66bbc0d3afc,hierarchical,2,1
319ad9b2cf45,hierarchical,2,0
706c34d4c150,hierarchical,2,0
e09fb43fcfde,hierarchical,2,1
4860a7c338da,hierarchical,2,0
dcb4d3eca08b,hierarchical,2,0
e30de7aff842,hierarchical,2,1
aa0519f48bfd,hierarchical,2,1
8bae5cbe12c2,hierarchical,2,0
b8a22dd54838,hierarchical,2,0
a02bf4d776da,hierarchical,2,1
744d812928f2,hierarchical,2,0
5e413b312a4a,hierarchical,2,0
7bf5cb69bf52,hierarchical,2,0
a87a8ae903d8,hierarchical,2,1
80cf2e3fb6b9,hierarchical,2,0
2685e48e877e,hierarchical,2,1
ccaf0e89b92d,hierarchical,2,0
27a7f07ef806,hierarchical,2,1
bebf8040b09b,hierarchical,2,1
980cf7e1c461,hierarchical,2,0
bcd097d21189,hierarchical,2,1
a7a6e3eb56e7,hierarchical,2,1
cf4bb1da7185,hierarchical,2,0
9ad50b703b4c,hierarchical,2,0
c040dc586452,hierarchical,2,0
3effcaa210cf,hierarchical,2,1
35110d6e897b,hierarchical,2,1
f83b87ee8c8a,hierarchical,2,1
fca6b2f0c2e1,hierarchical,2,0
52d49d445b7a,hierarchical,2,1
76d0ace7fd0f,hierarchical,2,1
df143143bb71,hierarchical,2,1
b68ba710dc68,hierarchical,2,1
0e1abd4eb214,hierarchical,2,1
1ecea9e46402,hierarchical,2,0
1f76b9796e65,hierarchical,2,1
b6796363a898,hierarchical,2,0
2d0998b3c5fc,hierarchical,2,0
6522e5ba2b3f,hierarchical,2,0
3d863afd983a,hierarchical,2,1
9b9a18717f99,hierarchical,2,0
0a14643f8d90,hierarchical,2,1
177ee6b3fdfa,hierarchical,2,0
904d8b960b74,hierarchical,2,1
0b5cec9b5751,hierarchical,2,0
1889525093d1,hierarchical,2,1
233b960a1961,hierarchical,2,0
d765fcf9098b,hierarchical,2,0
2c453fa4185a,hierarchical,2,0
e7809196cc28,hierarchical,2,0
0fabf70100f2,hierarchical,2,1
3574b180b36d,hierarchical,2,1
ea6071a5454f,hierarchical,2,1
e6a918c3b507,hierarchical,2,1
acd00ac824ed,hierarchical,2,0
764be62be920,hierarchical,2,1
ffca415627da,hierarchical,2,1
61122b0514ba,hierarchical,2,1
342ef03206a3,hierarchical,2,1
49eea7f9fdb8,hierarchical,2,1
9fd56954127c,hierarchical,2,1
f6696e6d2e63,hierarchical,2,1
b9bcf41a7338,hierarchical,2,1
bb85e31eaae0,hierarchical,2,1
43ace8759dbd,hierarchical,2,0
1d05fd8982e9,hierarchical,2,1
30ac16eb1f65,hierarchical,2,1
ba11f8e8c376,hierarchical,2,1
6d4f6dd0facc,hierarchical,2,1
347c4e3e6233,hierarchical,2,1
1984c7c371ac,hierarchical,2,1
719a9e51357d,hierarchical,2,1
78a5b9abfdf9,hierarchical,2,1
b075d5f984ae,hierarchical,2,1
471abc5be5ba,hierarchical,2,1
a55ed16576bd,hierarchical,2,1
1c2aa17589fd,hierarchical,2,0
b6f586e15fc0,hierarchical,2,0
f0409f58b9a1,hierarchical,2,1
389890afe30b,hierarchical,2,1
3f556ddf0ac3,hierarchical,2,1
7809098aec21,hierarchical,2,1
92b1d2a9b4ca,hierarchical,2,1
989272e48a84,hierarchical,2,0
840844dd0afa,hierarchical,2,1
aabba8c4f44c,hierarchical,2,1
0f124fa93f6f,hierarchical,2,0
37e3d4b81393,hierarchical,2,1
e56e75ca4d29,hierarchical,2,1
b255670e63f0,hierarchical,2,1
4c956ebb270a,hierarchical,2,1
8cd8f03b3b76,hierarchical,2,0
6fa1a0e70cf3,hierarchical,2,0
c8ffe2ff33be,hierarchical,2,0
24e8903e3937,hierarchical,2,1
f87ee24cced5,hierarchical,2,0
175197b85f07,hierarchical,2,1
f420f6f8e3e9,hierarchical,2,1
8aff0b2e417d,hierarchical,2,0
21a10de31382,hierarchical,2,1
59bc02a55e17,hierarchical,2,0
16cd0921dab2,hierarchical,2,0
e3a0715aca97,hierarchical,2,1
d0c29e417818,hierarchical,2,0
641a8fafd408,hierarchical,2,0
49b273e130f7,hierarchical,2,1
cabefb62050a,hierarchical,2,1
dec4451ac283,hierarchical,2,0
88534b3a970b,hierarchical,2,1
9d57808c377b,hierarchical,2,1
4a3a6b2f3599,hierarchical,2,1
669353f8cfe2,hierarchical,2,1
b2e27bcd3631,hierarchical,2,1
22f32c98c814,hierarchical,2,0
fd0f41e3f486,hierarchical,2,1
f525b6248746,hierarchical,2,0
542d95c3420c,hierarchical,2,0
a123364dd912,hierarchical,2,1
b51cdf8c33a5,hierarchical,2,1
28cdf091a56f,hierarchical,2,1
da439552c667,hierarchical,2,1
93b72c304c4f,hierarchical,2,1
bfb524429703,hierarchical,2,1
5873d429b5d1,hierarchical,2,1
f35f44894dc7,hierarchical,2,1
28896ec10fef,hierarchical,2,0
a3c1ffc80582,hierarchical,2,1
71aadca9a1f9,hierarchical,2,0
083916fce396,hierarchical,2,1
5d0feb2b95e8,hierarchical,2,0
10a70ff7cd96,hierarchical,2,1
422ef22ae34b,hierarchical,2,0
d0454d7a7ad0,hierarchical,2,1
85ad96acad9e,hierarchical,2,0
38ccebd70ed0,hierarchical,2,0
556c009b3ad1,hierarchical,2,0
4d5ca6810248,hierarchical,2,1
2b6ee8647b13,hierarchical,2,1
913be26623af,hierarchical,2,1
0c6c5fad0d0b,hierarchical,2,1
5e481646a06c,hierarchical,2,0
b6beec7592ba,hierarchical,2,1
429c5f41a29d,hierarchical,2,1
77c9ef9318de,hierarchical,2,1
7c8ae8f5dde6,hierarchical,2,0
319b7afc614d,hierarchical,2,1
42977a2e2aa2,hierarchical,2,1
6fe68f9d14eb,hierarchical,2,1
6060f43dc008,hierarchical,2,0
02ed7a716999,hierarchical,2,0
be8a20851a34,hierarchical,2,1
da2423b00cc2,hierarchical,2,0
dae85393c6bf,hierarchical,2,1
6c64d3594b2f,hierarchical,2,0
287f8535bf7b,hierarchical,2,0
cfdbf4934ead,hierarchical,2,1
0ac16ba94eb4,hierarchical,2,0
a22c77279555,hierarchical,2,0
87607d05000e,hierarchical,2,0
0cee85116a1e,hierarchical,2,0
c4ac9f1c7cdd,hierarchical,2,0
6ddeea366a2c,hierarchical,2,0
5fdbfc847ecc,hierarchical,2,0
aa1f2568fa3a,hierarchical,2,0
657014435d6d,hierarchical,2,1
f1137d2c2d3b,hierarchical,2,1
49ab5b7cc3c6,hierarchical,2,1
d7d03e129816,hierarchical,2,1
1cc20d2289fb,hierarchical,2,0
6ac133213139,hierarchical,2,0
47ad12713a94,hierarchical,2,1
167d24a35e17,hierarchical,2,1
235a48b8c017,hierarchical,2,0
95a8fff11cfd,hierarchical,2,1
77373a6e718a,hierarchical,2,0
061092498bb6,hierarchical,2,1
c0e13174d425,hierarchical,2,1
6be0519abc97,hierarchical,2,1
0ee80f141ba8,hierarchical,2,0
75404aa12fd8,hierarchical,2,1
1711832250f2,hierarchical,2,0
625c9d38b08d,hierarchical,2,0
50a4613e4876,hierarchical,2,0
4dfc6ab6dda5,hierarchical,2,0
c15ef2d5a9c0,hierarchical,2,0
8072cddaca3f,hierarchical,2,1
a48e49b7644d,hierarchical,2,1
a36044a3f4c4,hierarchical,2,1
9b5b77e19dd0,hierarchical,2,1
a3ab36dd727e,hierarchical,2,1
94bb3f4d0a82,hierarchical,2,1
413ec78a56b2,hierarchical,2,0
b6550c7aff7a,hierarchical,2,0
773eea8792e4,hierarchical,2,1
7a4e0eb8c32f,hierarchical,2,1
798c2fcc2ab4,hierarchical,2,1
f1c6e8bf0742,hierarchical,2,1
0cf4692017e3,hierarchical,2,0
530b695102db,hierarchical,2,1
2d1cddc41183,hierarchical,2,0
e196d996b179,hierarchical,2,1
431640b40bde,hierarchical,2,0
c9c9f1d47e77,hierarchical,2,1
2aff114d9f52,hierarchical,2,0
effd169189e2,hierarchical,2,0
9dcbb83d63cd,hierarchical,2,1
d645f5dc9ebd,hierarchical,2,0
a4e1d9bf2ada,hierarchical,2,0
967983ad37da,hierarchical,2,1
bfc18129008b,hierarchical,2,0
6e6eab40deec,hierarchical,2,1
588605308533,hierarchical,2,1
b19e7ad79c06,hierarchical,2,1
c1f28a766459,hierarchical,2,0
89446801d542,hierarchical,2,1
fecbeea9da18,hierarchical,2,1
ccf098a8e364,hierarchical,2,0
3953f31006f7,hierarchical,2,1
554ec9af79a3,hierarchical,2,0
f085bb7373db,hierarchical,2,0
7c0b09e460e5,hierarchical,2,0
25318c72858c,hierarchical,2,0
ffd67a11adf5,hierarchical,2,0
a5bbf9986cdf,hierarchical,2,0
af36451ff757,hierarchical,2,1
b5e847ab4167,hierarchical,2,0
7b410e7b46b2,hierarchical,2,1
ec0a7a9f6bd4,hierarchical,2,1
347c809f3195,hierarchical,2,0
fc790eb5a673,hierarchical,2,1
0a7114a9e69c,hierarchical,2,0
9854ff7b6372,hierarchical,2,1
a42b61f11204,hierarchical,2,1
9e5ccc66f56e,hierarchical,2,0
0ee9141e57f1,hierarchical,2,1
b153a9ea702d,hierarchical,2,1
aeeaad69448f,hierarchical,2,1
97696e3dff5a,hierarchical,2,1
ca8466e7eaed,hierarchical,2,1
90c411818fce,hierarchical,2,1
36eac7055318,hierarchical,2,1
58a82d84c83e,hierarchical,2,1
e521ab4dc835,hierarchical,2,0
b700b13f96c9,hierarchical,2,1
cb40fa4e04f3,hierarchical,2,0
817c0799af95,hierarchical,2,1
a8fc3ec464b7,hierarchical,2,0
9fb9ce095950,hierarchical,2,0
24cf1ad4bee3,hierarchical,2,1
b300ec3ab709,hierarchical,2,0
a055ffa0f755,hierarchical,2,1
945dc6c9f157,hierarchical,2,1
5986012ee787,hierarchical,2,1
1b0fd8b822aa,hierarchical,2,1
5903ada934dd,hierarchical,2,1
92cc558a2906,hierarchical,2,1
852730ce9995,hierarchical,2,0
3936a2d0b4dc,hierarchical,2,1
aed7cfb24f16,hierarchical,2,1
47d4e5185aec,hierarchical,2,1
4f8566c68bba,hierarchical,2,1
0471855ad71c,hierarchical,2,1
3379aac1fb95,hierarchical,2,1
dcff53f7c7ca,hierarchical,2,1
e0a6ae9d6494,hierarchical,2,0
59fa47970b6f,hierarchical,2,1
31b78c986872,hierarchical,2,0
a820a419197b,hierarchical,2,0
c13748efef8d,hierarchical,2,0
db4176b759c2,hierarchical,2,1
2220aeda53c4,hierarchical,2,1
fc14300b3b77,hierarchical,2,1
9212441d3249,hierarchical,2,1
85ac92085461,hierarchical,2,1
d65a19c3860e,hierarchical,2,0
924e9595f3b7,hierarchical,2,1
daf2d448a797,hierarchical,2,0
301349067b2b,hierarchical,2,1
8dec77e08a8a,hierarchical,2,1
f7efd8f8f433,hierarchical,2,0
891c44a1582b,hierarchical,2,1
1e1cb6822355,hierarchical,2,1
4d3ab6375af9,hierarchical,2,1
752d618dc1b0,hierarchical,2,0
72f03c9c6a3c,hierarchical,2,0
22a2ab373506,hierarchical,2,1
b2746ab55779,hierarchical,2,1
3750ceb833df,hierarchical,2,1
86b2e3d1ed17,hierarchical,2,1
b8277d98a691,hierarchical,2,1
e82b9f542e72,hierarchical,2,0
5e85692c81e3,hierarchical,2,1
0eabce91b99c,hierarchical,2,1
9fc087f1e5ac,hierarchical,2,1
64efa984a94d,hierarchical,2,1
9db96874b0c6,hierarchical,2,1
8bb0471e4d9b,hierarchical,2,1
608f4ac6c9e9,hierarchical,2,1
5ed5579861fb,hierarchical,2,1
0852b50a9265,hierarchical,2,1
adfd0f09ddb9,hierarchical,2,1
26fc258a71a1,hierarchical,2,1
556f3aab5379,hierarchical,2,1
07c745fc4af3,hierarchical,2,0
